                  epoch,         train/box_loss,         train/cls_loss,         train/dfl_loss,   metrics/precision(B),      metrics/recall(B),       metrics/mAP50(B),    metrics/mAP50-95(B),           val/box_loss,           val/cls_loss,           val/dfl_loss,                 lr/pg0,                 lr/pg1,                 lr/pg2
                      1,                 4.1814,                 4.9668,                 4.1832,                0.00079,                0.17338,                0.00082,                0.00027,                 4.1596,                 4.5435,                 4.1611,              0.0033181,              0.0033181,              0.0033181
                      2,                 3.8679,                 4.5667,                 3.9054,                0.00136,                0.18455,                 0.0013,                0.00033,                 3.7296,                 4.0844,                 3.8236,              0.0066295,              0.0066295,              0.0066295
                      3,                 3.2321,                 4.1044,                 3.3351,                0.80964,                0.01395,                0.00616,                0.00159,                 3.1468,                 3.8666,                 3.1542,              0.0099189,              0.0099189,              0.0099189
                      4,                 2.9444,                   3.77,                 2.9809,                0.63594,                0.03685,                0.01331,                0.00374,                 2.9691,                 3.7654,                 2.9264,               0.009901,               0.009901,               0.009901
                      5,                 2.6412,                 3.4811,                  2.739,                0.24587,                0.04678,                0.01487,                  0.005,                 2.8889,                 4.6386,                 2.8937,               0.009901,               0.009901,               0.009901
                      6,                 2.3889,                 3.1586,                 2.5375,                0.31091,                0.13293,                0.06455,                0.02278,                 2.5011,                 3.2777,                 2.5719,               0.009868,               0.009868,               0.009868
                      7,                 2.2405,                 2.9696,                 2.4055,                0.35356,                0.13581,                0.10265,                0.03669,                 2.3538,                 2.9256,                 2.4532,               0.009835,               0.009835,               0.009835
                      8,                 2.1223,                 2.8006,                  2.308,                0.42666,                0.21998,                0.15109,                0.06365,                 2.1869,                 2.7032,                 2.3014,               0.009802,               0.009802,               0.009802
                      9,                 2.0289,                 2.6652,                 2.2189,                0.26484,                0.22716,                0.16356,                0.06082,                 2.1687,                  2.705,                 2.2979,               0.009769,               0.009769,               0.009769
                     10,                  1.965,                 2.5994,                 2.1694,                0.31367,                0.28118,                0.22279,                 0.0908,                 2.0483,                 2.5445,                 2.2058,               0.009736,               0.009736,               0.009736
                     11,                  1.924,                 2.5187,                 2.1178,                0.34488,                0.31662,                0.28161,                0.12486,                  1.971,                 2.3903,                 2.1188,               0.009703,               0.009703,               0.009703
                     12,                 1.8886,                 2.4436,                 2.0806,                0.43633,                0.34373,                0.32026,                0.14747,                 1.9576,                 2.2651,                 2.1018,                0.00967,                0.00967,                0.00967
                     13,                 1.8575,                 2.3982,                 2.0509,                0.40908,                0.33317,                0.30643,                0.14107,                  1.965,                 2.2894,                 2.1085,               0.009637,               0.009637,               0.009637
                     14,                 1.8365,                 2.3684,                 2.0222,                0.37826,                 0.3546,                0.28176,                0.13042,                 1.9691,                 2.4894,                 2.1306,               0.009604,               0.009604,               0.009604
                     15,                 1.7929,                 2.2795,                 1.9807,                0.35618,                0.41284,                0.33665,                0.15991,                 1.8682,                 2.2473,                  2.048,               0.009571,               0.009571,               0.009571
                     16,                 1.7787,                 2.2439,                 1.9738,                0.42453,                0.35844,                0.31614,                 0.1541,                 1.9842,                 2.3673,                 2.1182,               0.009538,               0.009538,               0.009538
                     17,                 1.7759,                 2.2273,                 1.9632,                0.46914,                0.33906,                0.34684,                0.17084,                 1.9708,                 2.4649,                 2.1109,               0.009505,               0.009505,               0.009505
                     18,                 1.7452,                 2.1657,                  1.931,                0.53029,                0.37036,                0.37202,                0.19147,                  1.899,                 2.3058,                 2.0503,               0.009472,               0.009472,               0.009472
                     19,                 1.7378,                 2.1501,                 1.9219,                0.49847,                0.38036,                0.38789,                0.19173,                 1.8255,                 2.2166,                 1.9926,               0.009439,               0.009439,               0.009439
                     20,                 1.7204,                 2.1433,                 1.9105,                0.48743,                0.43862,                0.44109,                0.23003,                 1.7335,                 1.9669,                 1.9325,               0.009406,               0.009406,               0.009406
                     21,                 1.7024,                 2.1029,                 1.8856,                0.52684,                0.40614,                0.41727,                0.22052,                 1.7634,                 2.0709,                 1.9558,               0.009373,               0.009373,               0.009373
                     22,                 1.6772,                 2.0749,                 1.8689,                0.51019,                0.44395,                0.43848,                0.22101,                 1.7439,                 1.9943,                 1.9478,                0.00934,                0.00934,                0.00934
                     23,                 1.6709,                 2.0678,                 1.8679,                0.52868,                0.44524,                0.45613,                0.23795,                 1.7305,                 1.9648,                 1.9036,               0.009307,               0.009307,               0.009307
                     24,                  1.656,                 2.0073,                 1.8466,                0.57588,                0.44682,                0.47533,                0.23838,                 1.7118,                 1.9603,                 1.8898,               0.009274,               0.009274,               0.009274
                     25,                 1.6445,                 1.9935,                 1.8308,                0.58709,                0.47076,                0.50862,                0.26975,                 1.6542,                 1.8175,                   1.87,               0.009241,               0.009241,               0.009241
                     26,                  1.646,                 1.9867,                 1.8361,                0.56514,                0.47997,                0.51437,                0.27347,                 1.6585,                 1.8546,                 1.8418,               0.009208,               0.009208,               0.009208
                     27,                 1.6423,                 1.9747,                 1.8342,                 0.5941,                0.47834,                 0.5077,                0.27844,                 1.6573,                 1.8135,                 1.8468,               0.009175,               0.009175,               0.009175
                     28,                 1.6202,                 1.9525,                  1.819,                0.57753,                0.50472,                0.52684,                0.27589,                 1.6241,                 1.7808,                 1.8076,               0.009142,               0.009142,               0.009142
                     29,                 1.6104,                 1.9339,                 1.8065,                0.50499,                  0.497,                0.48077,                0.25919,                 1.6088,                  1.846,                 1.8282,               0.009109,               0.009109,               0.009109
                     30,                 1.5874,                 1.9203,                 1.7893,                0.60946,                0.52251,                0.55212,                0.30255,                 1.5944,                 1.7129,                 1.7784,               0.009076,               0.009076,               0.009076
                     31,                 1.5971,                   1.92,                 1.7799,                0.58312,                 0.5395,                0.55196,                0.29148,                 1.5993,                 1.7662,                 1.7996,               0.009043,               0.009043,               0.009043
                     32,                 1.5825,                 1.9009,                 1.7852,                0.66369,                0.49429,                0.56835,                0.31435,                 1.5821,                  1.702,                 1.7717,                0.00901,                0.00901,                0.00901
                     33,                 1.5584,                 1.8558,                 1.7641,                0.65944,                0.51717,                0.57057,                0.32193,                 1.5719,                 1.6865,                 1.7913,               0.008977,               0.008977,               0.008977
                     34,                 1.5635,                  1.853,                 1.7517,                 0.6165,                0.53847,                0.57604,                0.31995,                 1.5552,                 1.7016,                 1.7557,               0.008944,               0.008944,               0.008944
                     35,                 1.5556,                 1.8256,                 1.7426,                0.67634,                0.53995,                0.58957,                0.30977,                 1.6155,                 1.6921,                 1.7968,               0.008911,               0.008911,               0.008911
                     36,                 1.5448,                 1.8251,                 1.7465,                0.62775,                0.55516,                0.60196,                0.33797,                 1.5201,                 1.6167,                 1.7365,               0.008878,               0.008878,               0.008878
                     37,                 1.5542,                 1.8062,                  1.746,                0.67831,                 0.5655,                0.63301,                0.34725,                 1.5327,                 1.6005,                 1.7513,               0.008845,               0.008845,               0.008845
                     38,                 1.5276,                  1.759,                 1.7255,                 0.6073,                0.56736,                0.60155,                0.33762,                 1.5531,                 1.6463,                 1.7679,               0.008812,               0.008812,               0.008812
                     39,                  1.533,                 1.7892,                 1.7339,                0.66306,                0.58257,                0.61166,                0.34351,                 1.5221,                 1.5844,                  1.735,               0.008779,               0.008779,               0.008779
                     40,                 1.5188,                 1.7588,                 1.7211,                0.67775,                0.54875,                0.61139,                0.34272,                 1.5161,                 1.6175,                 1.7349,               0.008746,               0.008746,               0.008746
                     41,                 1.5078,                 1.7505,                 1.7096,                0.69591,                0.54739,                0.62149,                0.35505,                 1.4975,                 1.5919,                  1.713,               0.008713,               0.008713,               0.008713
                     42,                 1.5165,                 1.7367,                 1.7149,                0.64182,                0.55851,                0.60187,                0.33395,                 1.5241,                 1.6138,                 1.7366,                0.00868,                0.00868,                0.00868
                     43,                 1.5067,                 1.7417,                    1.7,                 0.6531,                0.58752,                0.62061,                0.35612,                  1.506,                 1.5858,                 1.7108,               0.008647,               0.008647,               0.008647
                     44,                 1.4884,                 1.7152,                  1.697,                0.68583,                0.57008,                0.62429,                0.35572,                 1.5205,                 1.5625,                 1.7333,               0.008614,               0.008614,               0.008614
                     45,                 1.4942,                 1.7088,                 1.6933,                0.68869,                0.59775,                0.63583,                 0.3697,                 1.4851,                   1.55,                 1.7014,               0.008581,               0.008581,               0.008581
                     46,                 1.4842,                 1.6971,                 1.6746,                0.66015,                0.61021,                0.64476,                  0.374,                 1.4489,                 1.5367,                 1.6687,               0.008548,               0.008548,               0.008548
                     47,                 1.4802,                 1.6949,                 1.6803,                0.68377,                 0.6114,                0.66035,                0.37715,                 1.4906,                 1.4927,                 1.6932,               0.008515,               0.008515,               0.008515
                     48,                 1.4782,                  1.682,                 1.6787,                0.69149,                0.59365,                0.65459,                0.36717,                 1.4784,                 1.5227,                 1.6864,               0.008482,               0.008482,               0.008482
                     49,                 1.4625,                  1.673,                  1.669,                0.66926,                0.60549,                0.64402,                 0.3725,                 1.4851,                 1.5229,                  1.696,               0.008449,               0.008449,               0.008449
                     50,                 1.4616,                 1.6432,                 1.6522,                0.67822,                0.62768,                0.67038,                0.38811,                 1.4458,                 1.4783,                 1.6671,               0.008416,               0.008416,               0.008416
                     51,                 1.4614,                  1.638,                 1.6612,                0.71626,                0.56742,                0.65947,                0.38231,                  1.485,                 1.4917,                 1.7023,               0.008383,               0.008383,               0.008383
                     52,                 1.4551,                 1.6357,                 1.6443,                0.67988,                0.63402,                 0.6805,                0.39953,                 1.4379,                 1.4584,                 1.6493,                0.00835,                0.00835,                0.00835
                     53,                 1.4453,                 1.6252,                 1.6447,                0.69234,                0.60059,                 0.6479,                  0.372,                 1.4812,                 1.4912,                 1.6863,               0.008317,               0.008317,               0.008317
                     54,                 1.4443,                 1.6035,                 1.6413,                0.72619,                0.62184,                0.68162,                0.39896,                 1.4185,                 1.4425,                 1.6569,               0.008284,               0.008284,               0.008284
                     55,                 1.4509,                 1.6137,                 1.6458,                0.73696,                0.62488,                0.70839,                0.41814,                 1.4121,                 1.4088,                 1.6419,               0.008251,               0.008251,               0.008251
                     56,                 1.4378,                 1.5962,                 1.6418,                0.73198,                 0.6361,                0.70466,                0.41328,                 1.4233,                 1.4203,                 1.6386,               0.008218,               0.008218,               0.008218
                     57,                 1.4301,                  1.575,                 1.6262,                0.75435,                0.62607,                0.71032,                0.41749,                 1.4131,                 1.3942,                 1.6258,               0.008185,               0.008185,               0.008185
                     58,                 1.4325,                 1.5986,                 1.6295,                0.73549,                0.62625,                 0.7097,                 0.4217,                 1.4106,                 1.3964,                 1.6414,               0.008152,               0.008152,               0.008152
                     59,                 1.4232,                  1.549,                 1.6234,                0.74006,                0.64153,                0.71455,                0.41944,                 1.4065,                 1.3937,                 1.6239,               0.008119,               0.008119,               0.008119
                     60,                 1.4139,                 1.5713,                 1.6188,                0.73066,                0.63454,                 0.6954,                0.41512,                  1.393,                 1.3712,                 1.6221,               0.008086,               0.008086,               0.008086
                     61,                 1.4144,                 1.5512,                   1.62,                0.71994,                0.66926,                0.71158,                0.42181,                 1.4218,                 1.3707,                 1.6373,               0.008053,               0.008053,               0.008053
                     62,                 1.4113,                   1.54,                 1.6092,                 0.7785,                0.63998,                0.72335,                 0.4236,                 1.3996,                 1.3601,                 1.6168,                0.00802,                0.00802,                0.00802
                     63,                 1.4195,                 1.5435,                 1.6146,                 0.7257,                0.66494,                0.71436,                0.42631,                 1.4051,                 1.3554,                 1.6174,               0.007987,               0.007987,               0.007987
                     64,                 1.4135,                  1.552,                 1.6112,                0.74015,                0.66069,                0.73995,                0.44107,                 1.3917,                 1.3552,                 1.5975,               0.007954,               0.007954,               0.007954
                     65,                 1.4097,                 1.5165,                 1.5936,                0.73271,                0.66071,                0.71877,                0.43331,                 1.3889,                 1.3559,                 1.6051,               0.007921,               0.007921,               0.007921
                     66,                 1.4001,                 1.5188,                 1.5986,                0.78477,                0.66291,                0.74981,                0.45316,                 1.3728,                 1.3114,                 1.5993,               0.007888,               0.007888,               0.007888
                     67,                 1.4043,                 1.5176,                  1.599,                0.78526,                0.65566,                0.73356,                 0.4329,                 1.3851,                  1.322,                 1.5981,               0.007855,               0.007855,               0.007855
                     68,                 1.3872,                 1.4975,                 1.5872,                0.77036,                0.65183,                 0.7322,                0.44222,                 1.3695,                 1.2964,                 1.5793,               0.007822,               0.007822,               0.007822
                     69,                 1.3896,                 1.5158,                 1.5834,                0.75644,                0.65966,                0.73798,                0.44048,                 1.3927,                    1.3,                 1.6019,               0.007789,               0.007789,               0.007789
                     70,                 1.3882,                 1.4955,                 1.5824,                0.72756,                0.67038,                0.72501,                0.44422,                 1.3564,                 1.2897,                 1.5726,               0.007756,               0.007756,               0.007756
                     71,                 1.4062,                 1.5145,                 1.5957,                0.76216,                0.66804,                0.75121,                0.45458,                  1.377,                 1.3055,                 1.5986,               0.007723,               0.007723,               0.007723
                     72,                 1.3893,                 1.5034,                 1.5836,                0.79211,                0.66085,                0.74252,                0.44337,                 1.3876,                 1.3013,                 1.5939,                0.00769,                0.00769,                0.00769
                     73,                 1.3802,                  1.482,                 1.5786,                0.76847,                0.68416,                0.75614,                0.46241,                 1.3449,                 1.2532,                 1.5663,               0.007657,               0.007657,               0.007657
                     74,                 1.3963,                  1.498,                  1.581,                0.75766,                0.68352,                0.75758,                 0.4549,                 1.3728,                 1.2887,                 1.5829,               0.007624,               0.007624,               0.007624
                     75,                  1.371,                 1.4701,                 1.5765,                0.76795,                0.66634,                0.76153,                0.45918,                 1.3616,                 1.2645,                  1.565,               0.007591,               0.007591,               0.007591
                     76,                 1.3738,                 1.4546,                  1.569,                0.80921,                0.68353,                0.77006,                0.47662,                 1.3442,                 1.2495,                 1.5706,               0.007558,               0.007558,               0.007558
                     77,                 1.3641,                 1.4591,                 1.5617,                0.74794,                0.67386,                0.74167,                0.45225,                 1.3575,                  1.266,                 1.5799,               0.007525,               0.007525,               0.007525
                     78,                 1.3644,                 1.4379,                  1.561,                0.79637,                0.66083,                0.77456,                0.47218,                 1.3357,                 1.2477,                 1.5608,               0.007492,               0.007492,               0.007492
                     79,                 1.3564,                  1.449,                 1.5562,                0.79528,                0.66797,                 0.7687,                0.47025,                 1.3489,                  1.263,                 1.5658,               0.007459,               0.007459,               0.007459
                     80,                 1.3731,                 1.4461,                 1.5554,                0.76849,                0.68641,                0.76324,                0.46253,                 1.3408,                 1.2469,                 1.5597,               0.007426,               0.007426,               0.007426
                     81,                 1.3616,                 1.4321,                  1.554,                0.80285,                0.69333,                0.77923,                0.47431,                 1.3498,                  1.218,                 1.5727,               0.007393,               0.007393,               0.007393
                     82,                 1.3405,                 1.4323,                 1.5475,                0.79072,                0.69677,                0.77835,                0.47471,                 1.3174,                 1.2076,                 1.5532,                0.00736,                0.00736,                0.00736
                     83,                 1.3449,                 1.4414,                 1.5466,                0.80578,                0.69714,                0.78324,                0.48122,                  1.335,                 1.2174,                 1.5532,               0.007327,               0.007327,               0.007327
                     84,                  1.355,                 1.4375,                 1.5489,                0.75756,                0.68742,                0.74893,                0.46004,                 1.3417,                  1.247,                 1.5666,               0.007294,               0.007294,               0.007294
                     85,                 1.3519,                 1.4099,                 1.5508,                0.77822,                0.68924,                0.76002,                0.47136,                 1.3356,                 1.2206,                 1.5466,               0.007261,               0.007261,               0.007261
                     86,                 1.3407,                  1.404,                 1.5367,                0.78085,                0.71223,                0.78243,                0.47443,                 1.3259,                 1.2195,                 1.5402,               0.007228,               0.007228,               0.007228
                     87,                 1.3377,                 1.4058,                 1.5389,                0.82032,                0.70959,                0.78541,                0.48523,                 1.3274,                 1.2122,                 1.5486,               0.007195,               0.007195,               0.007195
                     88,                  1.344,                 1.4068,                 1.5382,                0.75611,                0.70879,                0.77741,                0.48975,                 1.3365,                 1.2066,                  1.539,               0.007162,               0.007162,               0.007162
                     89,                 1.3391,                 1.4143,                 1.5429,                0.81334,                0.69682,                0.77753,                0.48667,                 1.3238,                 1.2307,                  1.542,               0.007129,               0.007129,               0.007129
                     90,                 1.3293,                 1.3899,                 1.5304,                0.81619,                0.70084,                0.78829,                0.49635,                 1.3191,                 1.1983,                 1.5293,               0.007096,               0.007096,               0.007096
                     91,                  1.338,                 1.3708,                 1.5367,                0.82514,                0.69596,                0.77989,                0.49132,                   1.31,                 1.2009,                 1.5344,               0.007063,               0.007063,               0.007063
                     92,                 1.3215,                 1.3837,                  1.522,                0.80299,                0.70147,                0.78366,                0.49571,                 1.2949,                 1.1898,                 1.5055,                0.00703,                0.00703,                0.00703
                     93,                 1.3281,                 1.3692,                 1.5295,                0.80019,                0.71211,                0.78134,                0.48727,                 1.3133,                 1.1977,                 1.5222,               0.006997,               0.006997,               0.006997
                     94,                 1.3299,                 1.3784,                 1.5244,                0.77773,                0.71711,                0.79321,                0.50296,                 1.3054,                 1.1551,                 1.5079,               0.006964,               0.006964,               0.006964
                     95,                 1.3297,                 1.3807,                 1.5314,                0.80013,                0.71612,                0.78833,                0.48753,                 1.3195,                 1.1778,                 1.5252,               0.006931,               0.006931,               0.006931
                     96,                 1.3229,                 1.3624,                  1.527,                0.79308,                0.72413,                 0.8009,                0.50356,                 1.2865,                 1.1618,                 1.5031,               0.006898,               0.006898,               0.006898
                     97,                 1.3147,                 1.3504,                 1.5109,                0.77324,                0.73052,                  0.788,                0.49061,                 1.3107,                 1.1758,                 1.5281,               0.006865,               0.006865,               0.006865
                     98,                  1.315,                 1.3652,                 1.5217,                0.77456,                0.70877,                0.78782,                0.49963,                 1.2835,                 1.1463,                  1.505,               0.006832,               0.006832,               0.006832
                     99,                 1.3092,                  1.341,                   1.51,                0.80936,                 0.7283,                0.80157,                0.50088,                  1.305,                 1.1371,                 1.5205,               0.006799,               0.006799,               0.006799
                    100,                 1.3124,                 1.3586,                 1.5085,                0.81695,                0.70597,                0.80287,                0.50794,                 1.2785,                 1.1498,                 1.5063,               0.006766,               0.006766,               0.006766
                    101,                 1.3096,                 1.3492,                 1.5048,                0.82608,                 0.7102,                0.79424,                0.49776,                 1.2982,                   1.16,                 1.5084,               0.006733,               0.006733,               0.006733
                    102,                 1.3088,                 1.3562,                 1.5121,                0.79969,                 0.7413,                0.81148,                  0.507,                 1.2863,                 1.1426,                 1.5045,                 0.0067,                 0.0067,                 0.0067
                    103,                 1.3003,                 1.3383,                 1.5003,                0.79276,                 0.7454,                0.80702,                0.50832,                 1.2839,                  1.127,                 1.4971,               0.006667,               0.006667,               0.006667
                    104,                 1.2896,                 1.3291,                 1.4871,                0.79212,                 0.7296,                 0.7993,                0.51438,                 1.2693,                 1.1201,                 1.4878,               0.006634,               0.006634,               0.006634
                    105,                 1.3062,                 1.3316,                 1.5085,                 0.8086,                0.73649,                0.80768,                0.50517,                 1.2852,                  1.129,                 1.5008,               0.006601,               0.006601,               0.006601
                    106,                 1.2816,                 1.3076,                 1.4851,                 0.8012,                0.75277,                0.81284,                0.51569,                 1.2898,                 1.1291,                 1.5015,               0.006568,               0.006568,               0.006568
                    107,                 1.3022,                 1.3212,                 1.4955,                0.84105,                 0.7212,                0.81354,                0.51198,                 1.2758,                 1.1195,                 1.4873,               0.006535,               0.006535,               0.006535
                    108,                 1.2855,                 1.3105,                 1.4934,                0.82499,                0.74301,                 0.8138,                0.51833,                 1.2755,                 1.1291,                 1.4832,               0.006502,               0.006502,               0.006502
                    109,                 1.2885,                 1.3354,                  1.496,                 0.7928,                0.74747,                0.81548,                0.51728,                 1.2802,                 1.1081,                 1.4882,               0.006469,               0.006469,               0.006469
                    110,                 1.3044,                 1.3289,                 1.5013,                0.79908,                0.73674,                0.81236,                0.52058,                 1.2805,                 1.1005,                 1.4955,               0.006436,               0.006436,               0.006436
                    111,                   1.29,                 1.3138,                 1.4896,                0.80833,                 0.7177,                0.80453,                0.51015,                 1.2763,                 1.1145,                  1.486,               0.006403,               0.006403,               0.006403
                    112,                 1.2834,                 1.3184,                 1.4876,                 0.8383,                0.72304,                0.81558,                0.51483,                 1.2861,                 1.0918,                  1.507,                0.00637,                0.00637,                0.00637
                    113,                 1.2805,                 1.2998,                 1.4814,                0.83244,                0.73806,                0.82262,                0.52649,                 1.2731,                 1.0899,                 1.4885,               0.006337,               0.006337,               0.006337
                    114,                 1.2851,                  1.276,                  1.483,                 0.8221,                0.72528,                0.81827,                0.52103,                 1.2654,                 1.0947,                 1.4754,               0.006304,               0.006304,               0.006304
                    115,                 1.2759,                 1.2845,                 1.4733,                0.82424,                0.73902,                  0.825,                0.52658,                 1.2653,                 1.0727,                 1.4808,               0.006271,               0.006271,               0.006271
                    116,                 1.2951,                 1.2932,                 1.4918,                 0.8069,                0.74975,                0.81801,                0.51493,                 1.2759,                 1.0942,                 1.4902,               0.006238,               0.006238,               0.006238
                    117,                 1.2713,                 1.2638,                 1.4708,                0.81808,                0.74326,                0.82167,                0.52639,                 1.2606,                 1.0838,                 1.4702,               0.006205,               0.006205,               0.006205
                    118,                 1.2883,                 1.2861,                 1.4896,                0.81717,                0.73086,                0.82342,                0.52635,                 1.2675,                 1.0944,                 1.4822,               0.006172,               0.006172,               0.006172
                    119,                 1.2783,                 1.2849,                 1.4767,                0.84406,                0.73554,                0.82012,                0.52439,                 1.2667,                 1.0798,                 1.4792,               0.006139,               0.006139,               0.006139
                    120,                 1.2771,                 1.2765,                 1.4818,                0.85053,                0.72272,                0.82153,                0.52729,                 1.2599,                 1.0756,                 1.4714,               0.006106,               0.006106,               0.006106
                    121,                 1.2646,                 1.2783,                 1.4766,                0.83342,                0.74894,                0.83111,                0.52949,                 1.2599,                 1.0629,                 1.4672,               0.006073,               0.006073,               0.006073
                    122,                 1.2636,                 1.2665,                 1.4646,                 0.8279,                0.74159,                0.83416,                0.53218,                  1.254,                 1.0599,                 1.4688,                0.00604,                0.00604,                0.00604
                    123,                 1.2683,                 1.2585,                 1.4703,                0.83306,                0.74205,                0.82898,                0.52863,                 1.2458,                 1.0602,                 1.4647,               0.006007,               0.006007,               0.006007
                    124,                 1.2476,                 1.2328,                  1.452,                0.83781,                0.74555,                0.83009,                0.53682,                  1.235,                 1.0483,                 1.4607,               0.005974,               0.005974,               0.005974
                    125,                 1.2599,                 1.2359,                 1.4606,                0.83256,                0.75016,                 0.8286,                0.53833,                 1.2508,                 1.0529,                 1.4626,               0.005941,               0.005941,               0.005941
                    126,                 1.2572,                 1.2495,                 1.4571,                0.81352,                0.77712,                0.84045,                0.54031,                 1.2471,                 1.0458,                 1.4552,               0.005908,               0.005908,               0.005908
                    127,                 1.2574,                 1.2494,                 1.4556,                0.83446,                 0.7533,                0.83384,                0.53754,                 1.2617,                 1.0631,                 1.4678,               0.005875,               0.005875,               0.005875
                    128,                 1.2674,                 1.2549,                 1.4635,                0.81765,                0.75429,                0.82692,                0.52926,                 1.2514,                 1.0493,                 1.4584,               0.005842,               0.005842,               0.005842
                    129,                 1.2468,                 1.2213,                 1.4423,                0.79641,                0.76734,                0.82476,                0.53187,                 1.2449,                 1.0497,                 1.4544,               0.005809,               0.005809,               0.005809
                    130,                 1.2436,                 1.2259,                   1.45,                0.83076,                0.75099,                 0.8297,                0.53686,                 1.2583,                 1.0547,                 1.4661,               0.005776,               0.005776,               0.005776
                    131,                 1.2504,                 1.2313,                 1.4579,                0.84497,                0.74962,                0.83048,                0.53691,                 1.2559,                 1.0511,                 1.4668,               0.005743,               0.005743,               0.005743
                    132,                 1.2532,                 1.2469,                 1.4586,                0.83291,                0.76532,                0.83198,                0.53255,                 1.2527,                  1.049,                 1.4666,                0.00571,                0.00571,                0.00571
                    133,                 1.2589,                 1.2451,                 1.4578,                0.81253,                0.77257,                0.83494,                0.53788,                 1.2485,                 1.0584,                 1.4688,               0.005677,               0.005677,               0.005677
                    134,                 1.2397,                 1.2314,                 1.4458,                0.83032,                0.76686,                0.83732,                0.54042,                 1.2523,                 1.0488,                 1.4664,               0.005644,               0.005644,               0.005644
                    135,                 1.2487,                 1.2286,                 1.4545,                0.82876,                0.76211,                0.83801,                0.54396,                 1.2498,                   1.05,                 1.4674,               0.005611,               0.005611,               0.005611
                    136,                 1.2395,                  1.226,                  1.438,                0.82367,                0.76466,                0.84128,                0.54494,                 1.2484,                 1.0288,                 1.4629,               0.005578,               0.005578,               0.005578
                    137,                 1.2321,                 1.2159,                 1.4466,                0.82715,                0.76096,                0.83722,                0.54777,                 1.2492,                 1.0292,                 1.4663,               0.005545,               0.005545,               0.005545
                    138,                 1.2242,                 1.1862,                 1.4291,                0.83346,                0.75168,                0.83481,                 0.5468,                 1.2533,                 1.0312,                  1.464,               0.005512,               0.005512,               0.005512
                    139,                 1.2265,                 1.2009,                 1.4345,                0.83257,                0.77151,                0.83977,                0.55399,                 1.2408,                 1.0291,                 1.4594,               0.005479,               0.005479,               0.005479
                    140,                 1.2357,                 1.2168,                 1.4388,                0.85189,                0.75686,                0.84563,                0.55054,                  1.241,                 1.0316,                 1.4529,               0.005446,               0.005446,               0.005446
                    141,                 1.2355,                 1.1935,                 1.4372,                0.84307,                0.75789,                0.84027,                0.54836,                 1.2378,                 1.0381,                 1.4548,               0.005413,               0.005413,               0.005413
                    142,                 1.2339,                 1.2019,                 1.4393,                0.83569,                0.76766,                0.84116,                 0.5488,                  1.249,                 1.0229,                 1.4617,                0.00538,                0.00538,                0.00538
                    143,                 1.2449,                 1.2121,                 1.4409,                0.83778,                 0.7669,                0.83983,                0.54788,                 1.2465,                 1.0117,                 1.4567,               0.005347,               0.005347,               0.005347
                    144,                 1.2176,                 1.1898,                 1.4251,                0.79586,                0.79237,                0.83722,                0.54908,                  1.243,                 1.0144,                 1.4547,               0.005314,               0.005314,               0.005314
                    145,                 1.2156,                 1.1816,                 1.4244,                0.84692,                0.75355,                  0.839,                0.55235,                 1.2362,                 1.0189,                 1.4502,               0.005281,               0.005281,               0.005281
                    146,                 1.2337,                 1.1944,                 1.4362,                0.80785,                0.79694,                0.84385,                0.55045,                 1.2472,                 1.0196,                 1.4618,               0.005248,               0.005248,               0.005248
                    147,                 1.2182,                 1.1758,                 1.4281,                0.83171,                0.77041,                0.84678,                0.55372,                  1.248,                 1.0189,                 1.4604,               0.005215,               0.005215,               0.005215
                    148,                 1.2127,                 1.1718,                  1.421,                 0.8549,                0.75735,                0.84457,                0.55774,                 1.2428,                 1.0116,                 1.4522,               0.005182,               0.005182,               0.005182
                    149,                 1.2221,                 1.1817,                 1.4183,                0.85839,                0.74971,                0.84455,                0.55623,                 1.2483,                 1.0168,                 1.4565,               0.005149,               0.005149,               0.005149
                    150,                 1.2045,                 1.1594,                 1.4082,                0.85548,                0.75027,                0.84657,                0.55602,                 1.2438,                 1.0173,                 1.4548,               0.005116,               0.005116,               0.005116
                    151,                 1.2168,                 1.1724,                 1.4288,                0.83441,                0.76852,                0.84495,                0.55579,                 1.2412,                 1.0139,                 1.4517,               0.005083,               0.005083,               0.005083
                    152,                 1.1998,                 1.1578,                 1.4108,                0.83197,                 0.7529,                0.84637,                0.55764,                 1.2363,                 1.0066,                 1.4466,                0.00505,                0.00505,                0.00505
                    153,                 1.2225,                 1.1744,                 1.4259,                0.81933,                0.78585,                 0.8465,                0.55662,                 1.2401,                 1.0051,                 1.4457,               0.005017,               0.005017,               0.005017
                    154,                 1.2123,                 1.1716,                 1.4209,                0.82383,                0.78646,                0.84891,                0.55834,                 1.2356,                 1.0036,                 1.4424,               0.004984,               0.004984,               0.004984
                    155,                 1.2115,                 1.1488,                  1.412,                0.83974,                0.78773,                0.85036,                0.55796,                 1.2294,                0.99776,                 1.4358,               0.004951,               0.004951,               0.004951
                    156,                 1.2107,                 1.1519,                 1.4193,                0.84385,                 0.7827,                0.84975,                0.55699,                 1.2309,                0.99936,                 1.4345,               0.004918,               0.004918,               0.004918
                    157,                 1.1981,                  1.158,                 1.4034,                0.83693,                0.77884,                0.84974,                0.55545,                 1.2299,                  1.002,                 1.4354,               0.004885,               0.004885,               0.004885
                    158,                 1.2063,                 1.1557,                  1.417,                0.81675,                0.79678,                0.85163,                0.55958,                  1.229,                0.99601,                 1.4362,               0.004852,               0.004852,               0.004852
                    159,                 1.1898,                 1.1488,                 1.4036,                0.82749,                0.79024,                0.85167,                0.56158,                 1.2291,                 0.9903,                 1.4341,               0.004819,               0.004819,               0.004819
                    160,                 1.1944,                 1.1437,                 1.4049,                 0.8405,                0.77335,                0.84842,                0.55832,                  1.231,                 0.9881,                 1.4381,               0.004786,               0.004786,               0.004786
                    161,                 1.1997,                  1.147,                 1.4005,                 0.8217,                0.79316,                0.84721,                 0.5636,                 1.2247,                0.99429,                  1.439,               0.004753,               0.004753,               0.004753
                    162,                 1.2122,                 1.1536,                 1.4181,                0.82145,                0.79766,                0.85095,                0.56286,                 1.2199,                0.98316,                 1.4326,                0.00472,                0.00472,                0.00472
                    163,                 1.1962,                 1.1506,                 1.4105,                0.81985,                 0.7985,                0.85141,                0.56524,                  1.223,                0.98435,                 1.4365,               0.004687,               0.004687,               0.004687
                    164,                 1.2002,                 1.1462,                 1.4059,                0.82481,                0.79934,                0.85108,                0.56627,                 1.2247,                0.98778,                 1.4387,               0.004654,               0.004654,               0.004654
                    165,                 1.1956,                 1.1412,                 1.4035,                 0.8475,                0.77341,                0.84848,                0.56264,                  1.224,                0.98154,                 1.4401,               0.004621,               0.004621,               0.004621
                    166,                 1.1868,                 1.1299,                 1.3982,                0.85013,                0.77962,                0.85335,                0.56347,                 1.2276,                0.98462,                 1.4464,               0.004588,               0.004588,               0.004588
                    167,                 1.1859,                 1.1332,                 1.3932,                0.82752,                0.79174,                0.85208,                0.56145,                 1.2252,                0.98511,                 1.4395,               0.004555,               0.004555,               0.004555
                    168,                 1.1836,                 1.1373,                 1.3983,                0.82206,                 0.7828,                0.85171,                0.56049,                 1.2267,                0.99246,                 1.4401,               0.004522,               0.004522,               0.004522
                    169,                 1.1819,                 1.1226,                 1.3893,                0.81408,                 0.8038,                0.85183,                0.56305,                 1.2235,                0.98741,                 1.4352,               0.004489,               0.004489,               0.004489
                    170,                 1.1853,                 1.1291,                 1.3967,                0.80503,                 0.8122,                0.85177,                0.56335,                 1.2236,                0.98083,                 1.4337,               0.004456,               0.004456,               0.004456
                    171,                 1.1871,                 1.1275,                 1.3965,                0.81327,                0.80376,                0.85366,                0.56666,                 1.2211,                 0.9844,                 1.4355,               0.004423,               0.004423,               0.004423
                    172,                 1.1857,                 1.1251,                  1.401,                0.83922,                0.78816,                0.85572,                 0.5678,                 1.2205,                0.98465,                 1.4372,                0.00439,                0.00439,                0.00439
                    173,                 1.1816,                 1.1282,                 1.3837,                0.83931,                0.78192,                0.85199,                0.56724,                 1.2258,                0.98444,                 1.4364,               0.004357,               0.004357,               0.004357
                    174,                 1.1893,                 1.1253,                 1.3931,                0.84344,                0.79124,                0.85234,                0.56865,                 1.2263,                0.97242,                 1.4335,               0.004324,               0.004324,               0.004324
                    175,                  1.188,                 1.1361,                 1.3962,                0.85456,                0.78486,                  0.853,                 0.5706,                 1.2205,                0.96949,                 1.4305,               0.004291,               0.004291,               0.004291
                    176,                 1.1703,                  1.106,                 1.3842,                0.84738,                0.78731,                0.85382,                0.57089,                 1.2192,                0.97051,                 1.4271,               0.004258,               0.004258,               0.004258
                    177,                 1.1685,                 1.1074,                 1.3874,                0.86864,                0.76901,                0.85408,                0.56959,                 1.2162,                0.97023,                 1.4253,               0.004225,               0.004225,               0.004225
                    178,                 1.1731,                 1.1071,                 1.3845,                0.86057,                0.77664,                 0.8517,                0.56867,                 1.2159,                0.97137,                 1.4251,               0.004192,               0.004192,               0.004192
                    179,                 1.1722,                 1.1105,                 1.3869,                0.85998,                0.78349,                 0.8561,                0.56818,                 1.2161,                0.97414,                 1.4258,               0.004159,               0.004159,               0.004159
                    180,                  1.178,                 1.1017,                 1.3764,                0.86328,                0.77768,                0.85577,                0.56818,                 1.2169,                0.97433,                 1.4281,               0.004126,               0.004126,               0.004126
                    181,                 1.1739,                 1.1026,                 1.3865,                0.84453,                 0.7823,                0.85238,                  0.567,                 1.2148,                0.96974,                 1.4248,               0.004093,               0.004093,               0.004093
                    182,                 1.1517,                 1.0934,                  1.372,                0.84186,                0.78264,                0.85211,                0.56665,                 1.2107,                 0.9654,                 1.4229,                0.00406,                0.00406,                0.00406
                    183,                 1.1774,                 1.1018,                 1.3874,                0.84292,                0.77761,                0.85216,                0.56702,                 1.2121,                0.96888,                 1.4236,               0.004027,               0.004027,               0.004027
                    184,                 1.1616,                 1.0857,                 1.3771,                0.83523,                0.78764,                0.85411,                0.56914,                 1.2124,                  0.969,                 1.4243,               0.003994,               0.003994,               0.003994
                    185,                 1.1629,                 1.0928,                 1.3754,                0.83345,                0.79631,                 0.8547,                0.56893,                 1.2107,                0.96573,                 1.4252,               0.003961,               0.003961,               0.003961
                    186,                 1.1658,                 1.0898,                 1.3793,                0.82859,                0.79562,                0.85637,                0.57035,                 1.2103,                0.96097,                 1.4267,               0.003928,               0.003928,               0.003928
                    187,                 1.1408,                 1.0746,                 1.3606,                0.82971,                0.79418,                0.85711,                 0.5702,                 1.2099,                0.95759,                 1.4282,               0.003895,               0.003895,               0.003895
                    188,                 1.1645,                 1.0928,                 1.3737,                0.83246,                0.78397,                0.85562,                0.57199,                 1.2096,                0.95644,                  1.427,               0.003862,               0.003862,               0.003862
                    189,                 1.1624,                 1.0922,                 1.3811,                0.84368,                0.77441,                0.85661,                0.57335,                 1.2104,                0.95909,                 1.4274,               0.003829,               0.003829,               0.003829
                    190,                 1.1527,                 1.0785,                 1.3707,                0.83978,                0.78296,                0.85697,                0.57276,                 1.2106,                0.95858,                 1.4277,               0.003796,               0.003796,               0.003796
                    191,                 1.1488,                 1.0573,                 1.3642,                0.83286,                0.78863,                0.85501,                0.57188,                 1.2131,                0.96024,                 1.4288,               0.003763,               0.003763,               0.003763
                    192,                 1.1376,                  1.055,                 1.3644,                0.84801,                0.78197,                 0.8575,                0.57101,                 1.2171,                0.95923,                 1.4308,                0.00373,                0.00373,                0.00373
                    193,                 1.1482,                 1.0723,                 1.3661,                0.84438,                 0.7935,                0.85997,                0.57244,                 1.2167,                0.95753,                 1.4311,               0.003697,               0.003697,               0.003697
                    194,                 1.1555,                 1.0726,                 1.3681,                0.85608,                0.78492,                 0.8584,                0.56811,                 1.2196,                0.95789,                 1.4337,               0.003664,               0.003664,               0.003664
                    195,                 1.1497,                  1.061,                 1.3682,                0.84026,                 0.7985,                0.85959,                0.57027,                 1.2195,                0.95702,                 1.4345,               0.003631,               0.003631,               0.003631
                    196,                  1.145,                 1.0618,                 1.3637,                0.84116,                0.79151,                0.85625,                0.57015,                 1.2215,                0.95383,                 1.4345,               0.003598,               0.003598,               0.003598
                    197,                 1.1375,                 1.0557,                 1.3585,                0.85112,                 0.7864,                0.85767,                0.56737,                 1.2215,                0.95429,                 1.4334,               0.003565,               0.003565,               0.003565
                    198,                 1.1444,                 1.0562,                  1.358,                0.85698,                0.78732,                0.86182,                0.56804,                 1.2246,                0.95353,                 1.4347,               0.003532,               0.003532,               0.003532
                    199,                 1.1357,                 1.0618,                 1.3568,                0.85142,                0.79111,                0.86113,                0.56749,                 1.2254,                0.95163,                  1.433,               0.003499,               0.003499,               0.003499
                    200,                 1.1462,                 1.0586,                 1.3613,                0.84268,                 0.7934,                0.86333,                0.56808,                 1.2237,                0.94774,                 1.4322,               0.003466,               0.003466,               0.003466
                    201,                 1.1509,                 1.0561,                 1.3618,                0.84739,                0.79036,                0.86349,                0.57061,                 1.2214,                0.94796,                 1.4302,               0.003433,               0.003433,               0.003433
                    202,                 1.1479,                 1.0547,                 1.3571,                0.85706,                0.79407,                0.86455,                0.57501,                 1.2195,                0.94252,                 1.4277,                 0.0034,                 0.0034,                 0.0034
                    203,                 1.1357,                 1.0478,                 1.3524,                0.85413,                0.79905,                0.86266,                0.57217,                 1.2148,                0.94059,                 1.4244,               0.003367,               0.003367,               0.003367
                    204,                 1.1242,                 1.0423,                 1.3537,                0.85619,                 0.7978,                0.86213,                0.57291,                 1.2122,                 0.9409,                 1.4233,               0.003334,               0.003334,               0.003334
                    205,                 1.1361,                   1.04,                 1.3628,                0.85595,                0.78801,                0.86193,                0.57402,                 1.2103,                0.94196,                 1.4219,               0.003301,               0.003301,               0.003301
                    206,                 1.1294,                 1.0508,                 1.3514,                0.84753,                0.79346,                0.85765,                0.57429,                 1.2135,                0.94156,                 1.4243,               0.003268,               0.003268,               0.003268
                    207,                 1.1306,                 1.0504,                 1.3543,                 0.8468,                0.79949,                 0.8626,                0.57563,                 1.2113,                0.94174,                 1.4209,               0.003235,               0.003235,               0.003235
                    208,                 1.1174,                 1.0131,                 1.3393,                0.85234,                0.80022,                0.86428,                0.57776,                 1.2128,                0.94439,                 1.4215,               0.003202,               0.003202,               0.003202
                    209,                 1.1419,                 1.0295,                  1.354,                0.86106,                 0.7853,                0.86386,                0.57761,                 1.2149,                0.94307,                 1.4234,               0.003169,               0.003169,               0.003169
                    210,                 1.1103,                 1.0206,                 1.3417,                0.87494,                0.77486,                0.86432,                0.57812,                 1.2167,                0.94274,                  1.426,               0.003136,               0.003136,               0.003136
                    211,                 1.1177,                 1.0182,                 1.3411,                0.86335,                 0.7823,                0.86454,                0.57844,                 1.2168,                0.94064,                 1.4278,               0.003103,               0.003103,               0.003103
                    212,                 1.1204,                 1.0178,                  1.338,                0.86962,                0.77963,                0.86525,                0.57803,                 1.2179,                0.94056,                  1.428,                0.00307,                0.00307,                0.00307
                    213,                 1.1216,                 1.0148,                 1.3393,                0.86968,                0.78494,                0.86652,                0.57686,                 1.2184,                0.94195,                  1.428,               0.003037,               0.003037,               0.003037
                    214,                 1.1343,                 1.0232,                  1.352,                0.87446,                0.78023,                0.86587,                0.57764,                 1.2184,                 0.9419,                 1.4279,               0.003004,               0.003004,               0.003004
                    215,                 1.1126,                 1.0246,                 1.3343,                0.86982,                0.78467,                0.86538,                0.57711,                 1.2177,                0.94137,                 1.4267,               0.002971,               0.002971,               0.002971
                    216,                 1.1149,                 1.0134,                  1.337,                0.86897,                0.78249,                0.86505,                0.57834,                 1.2206,                 0.9412,                 1.4302,               0.002938,               0.002938,               0.002938
                    217,                 1.1159,                 1.0156,                 1.3311,                0.86879,                0.78198,                0.86541,                0.57702,                  1.221,                0.94318,                 1.4309,               0.002905,               0.002905,               0.002905
                    218,                 1.1202,                 1.0176,                 1.3413,                  0.868,                0.78353,                0.86603,                0.58061,                 1.2185,                0.94596,                 1.4292,               0.002872,               0.002872,               0.002872
                    219,                 1.1185,                 1.0267,                 1.3415,                0.86894,                0.77923,                0.86587,                0.57745,                 1.2193,                0.94349,                 1.4286,               0.002839,               0.002839,               0.002839
                    220,                 1.1092,                  1.009,                 1.3381,                 0.8665,                0.78242,                0.86487,                 0.5776,                 1.2206,                 0.9426,                 1.4293,               0.002806,               0.002806,               0.002806
                    221,                 1.1146,                 1.0111,                 1.3312,                0.86098,                0.78545,                0.86582,                0.57888,                 1.2215,                0.94008,                 1.4312,               0.002773,               0.002773,               0.002773
                    222,                 1.1023,                 1.0031,                 1.3275,                0.87132,                0.78222,                0.86744,                0.58001,                 1.2215,                0.93847,                 1.4314,                0.00274,                0.00274,                0.00274
                    223,                 1.0985,                0.99533,                 1.3293,                0.86849,                0.78445,                0.86703,                0.57865,                 1.2244,                0.93581,                 1.4351,               0.002707,               0.002707,               0.002707
                    224,                 1.1044,                0.99883,                 1.3284,                0.85129,                0.79807,                 0.8669,                0.57833,                 1.2267,                0.93533,                  1.436,               0.002674,               0.002674,               0.002674
                    225,                 1.1029,                0.99827,                 1.3259,                0.85176,                0.80225,                0.86918,                0.57843,                 1.2263,                0.93436,                 1.4358,               0.002641,               0.002641,               0.002641
                    226,                  1.093,                0.98937,                 1.3262,                0.84938,                0.80281,                0.86952,                0.57882,                 1.2263,                0.93257,                 1.4357,               0.002608,               0.002608,               0.002608
                    227,                 1.0899,                0.99452,                 1.3236,                0.86508,                0.78412,                0.86942,                0.57925,                 1.2276,                0.93371,                 1.4369,               0.002575,               0.002575,               0.002575
                    228,                 1.1005,                 0.9902,                 1.3278,                0.86294,                0.79454,                0.86918,                0.57892,                 1.2277,                0.93533,                  1.437,               0.002542,               0.002542,               0.002542
                    229,                 1.1006,                0.99402,                 1.3285,                0.86796,                0.78426,                0.86618,                0.57943,                 1.2278,                 0.9343,                 1.4369,               0.002509,               0.002509,               0.002509
                    230,                 1.0852,                0.97268,                 1.3114,                0.85291,                0.80153,                0.86909,                0.57952,                  1.228,                0.93217,                 1.4366,               0.002476,               0.002476,               0.002476
                    231,                 1.1043,                0.98994,                 1.3244,                 0.8539,                0.79962,                0.86922,                 0.5813,                 1.2287,                0.93092,                 1.4372,               0.002443,               0.002443,               0.002443
                    232,                 1.0957,                0.98675,                 1.3142,                0.85118,                0.79989,                0.86979,                0.58057,                 1.2282,                 0.9295,                 1.4381,                0.00241,                0.00241,                0.00241
                    233,                 1.0915,                0.97888,                 1.3205,                 0.8638,                0.78445,                0.87005,                 0.5809,                  1.227,                0.92865,                 1.4357,               0.002377,               0.002377,               0.002377
                    234,                 1.0867,                0.97649,                 1.3071,                0.86825,                0.78495,                0.87046,                0.58057,                  1.227,                0.92908,                 1.4354,               0.002344,               0.002344,               0.002344
                    235,                 1.0945,                0.98909,                 1.3242,                0.86854,                0.78475,                 0.8694,                0.58091,                 1.2252,                0.92951,                 1.4335,               0.002311,               0.002311,               0.002311
                    236,                 1.0936,                0.97856,                 1.3132,                0.86886,                 0.7866,                0.87024,                0.58323,                 1.2237,                0.92765,                 1.4316,               0.002278,               0.002278,               0.002278
                    237,                 1.0813,                0.96977,                 1.3127,                0.86658,                0.78845,                0.87015,                0.58224,                 1.2217,                0.92515,                 1.4294,               0.002245,               0.002245,               0.002245
                    238,                 1.0804,                0.97545,                 1.3104,                0.86393,                0.79207,                0.87166,                0.58136,                 1.2216,                0.92441,                 1.4294,               0.002212,               0.002212,               0.002212
                    239,                 1.0824,                0.96743,                 1.3082,                  0.865,                0.78596,                0.87202,                0.58134,                 1.2206,                0.92215,                 1.4282,               0.002179,               0.002179,               0.002179
                    240,                 1.0846,                0.97202,                 1.3074,                0.86459,                0.78249,                0.87032,                0.58133,                 1.2194,                0.92089,                 1.4268,               0.002146,               0.002146,               0.002146
                    241,                  1.078,                0.96688,                 1.3062,                0.87213,                0.77921,                 0.8709,                0.58287,                 1.2193,                0.92066,                 1.4268,               0.002113,               0.002113,               0.002113
                    242,                 1.0749,                0.95724,                 1.3004,                0.87531,                0.77845,                 0.8715,                0.58259,                 1.2184,                   0.92,                 1.4244,                0.00208,                0.00208,                0.00208
                    243,                 1.0682,                0.96535,                 1.3036,                0.87682,                0.77856,                0.87165,                0.58181,                 1.2185,                 0.9193,                 1.4243,               0.002047,               0.002047,               0.002047
                    244,                 1.0819,                0.95647,                 1.3109,                0.87876,                0.77745,                 0.8721,                0.58183,                 1.2191,                0.91945,                 1.4248,               0.002014,               0.002014,               0.002014
                    245,                 1.0772,                0.95575,                 1.3057,                0.88315,                0.77734,                0.87249,                0.58217,                 1.2192,                 0.9187,                 1.4249,               0.001981,               0.001981,               0.001981
                    246,                 1.0786,                0.96155,                  1.303,                0.88129,                0.77895,                0.87202,                0.58158,                 1.2187,                0.91876,                 1.4241,               0.001948,               0.001948,               0.001948
                    247,                 1.0802,                0.96559,                 1.3136,                0.88519,                0.77856,                 0.8716,                0.58117,                 1.2182,                 0.9187,                 1.4238,               0.001915,               0.001915,               0.001915
                    248,                 1.0755,                0.95948,                 1.3028,                0.87593,                0.78274,                0.87177,                0.58162,                 1.2169,                0.91747,                 1.4223,               0.001882,               0.001882,               0.001882
                    249,                 1.0796,                0.95988,                 1.2995,                0.87783,                0.78268,                0.87212,                0.58128,                 1.2173,                0.91824,                 1.4223,               0.001849,               0.001849,               0.001849
                    250,                 1.0708,                0.95229,                 1.3012,                0.88083,                0.78126,                0.87218,                0.58166,                 1.2189,                0.91668,                 1.4236,               0.001816,               0.001816,               0.001816
                    251,                 1.0525,                0.94517,                 1.2966,                 0.8797,                0.77963,                0.87195,                0.58287,                 1.2197,                0.91622,                 1.4258,               0.001783,               0.001783,               0.001783
                    252,                 1.0601,                0.93316,                 1.2969,                0.87967,                 0.7812,                0.87169,                0.58333,                 1.2199,                0.91623,                 1.4261,                0.00175,                0.00175,                0.00175
                    253,                 1.0617,                0.93319,                 1.2935,                0.88086,                0.78039,                0.87199,                0.58297,                 1.2202,                0.91551,                 1.4264,               0.001717,               0.001717,               0.001717
                    254,                 1.0578,                0.92982,                 1.2876,                0.87848,                0.78139,                 0.8716,                0.58325,                   1.22,                0.91605,                 1.4265,               0.001684,               0.001684,               0.001684
                    255,                 1.0522,                0.94056,                  1.292,                0.87141,                0.78586,                0.87154,                0.58249,                 1.2193,                0.91515,                 1.4256,               0.001651,               0.001651,               0.001651
                    256,                 1.0689,                0.94411,                 1.2961,                0.86967,                0.78487,                 0.8714,                0.58278,                 1.2179,                0.91593,                 1.4246,               0.001618,               0.001618,               0.001618
                    257,                 1.0498,                0.93597,                 1.2886,                0.87126,                0.78586,                0.87141,                0.58168,                  1.218,                0.91596,                 1.4241,               0.001585,               0.001585,               0.001585
                    258,                 1.0539,                0.92846,                 1.2859,                0.87124,                0.78723,                0.87155,                0.58163,                 1.2177,                0.91688,                 1.4243,               0.001552,               0.001552,               0.001552
                    259,                 1.0549,                0.92916,                 1.2888,                0.88208,                0.78038,                0.87148,                0.58133,                 1.2177,                 0.9172,                 1.4241,               0.001519,               0.001519,               0.001519
                    260,                 1.0531,                0.92763,                 1.2945,                0.87521,                0.78225,                0.87136,                0.58168,                 1.2169,                0.91731,                 1.4233,               0.001486,               0.001486,               0.001486
                    261,                 1.0515,                0.93172,                 1.2903,                0.87214,                0.78288,                0.86886,                0.58149,                 1.2167,                0.91625,                 1.4235,               0.001453,               0.001453,               0.001453
                    262,                 1.0483,                0.92669,                 1.2918,                0.87464,                0.78061,                0.86874,                0.58096,                 1.2166,                0.91568,                  1.423,                0.00142,                0.00142,                0.00142
                    263,                 1.0625,                 0.9292,                  1.291,                0.87505,                0.78041,                0.86902,                0.57996,                 1.2171,                0.91509,                 1.4236,               0.001387,               0.001387,               0.001387
                    264,                 1.0446,                0.91042,                 1.2798,                0.87985,                0.77504,                0.86927,                 0.5799,                 1.2169,                0.91575,                 1.4234,               0.001354,               0.001354,               0.001354
                    265,                 1.0492,                0.91323,                 1.2873,                0.88126,                0.77886,                0.87043,                 0.5805,                 1.2164,                0.91559,                 1.4225,               0.001321,               0.001321,               0.001321
                    266,                 1.0416,                0.92216,                 1.2781,                 0.8804,                0.77862,                0.87001,                0.57979,                  1.217,                0.91606,                 1.4233,               0.001288,               0.001288,               0.001288
                    267,                 1.0475,                0.91885,                 1.2838,                0.88036,                0.78002,                0.86958,                0.57903,                 1.2173,                0.91547,                 1.4242,               0.001255,               0.001255,               0.001255
                    268,                 1.0566,                0.92658,                 1.2886,                0.88829,                0.77461,                0.86985,                0.57971,                 1.2173,                0.91552,                 1.4239,               0.001222,               0.001222,               0.001222
                    269,                 1.0406,                0.91556,                  1.281,                0.88609,                0.77684,                0.87005,                0.57976,                  1.217,                0.91518,                 1.4233,               0.001189,               0.001189,               0.001189
                    270,                 1.0413,                0.91666,                 1.2792,                0.88217,                 0.7779,                 0.8684,                0.57944,                 1.2173,                0.91535,                 1.4237,               0.001156,               0.001156,               0.001156
                    271,                 1.0432,                0.90195,                 1.2789,                0.88216,                0.77848,                0.86873,                0.58003,                 1.2169,                0.91531,                  1.423,               0.001123,               0.001123,               0.001123
                    272,                 1.0328,                0.89583,                  1.277,                0.88325,                0.77809,                0.86885,                0.58183,                 1.2165,                0.91489,                 1.4222,                0.00109,                0.00109,                0.00109
                    273,                 1.0331,                0.89581,                 1.2761,                0.88352,                0.77754,                0.86916,                0.58159,                 1.2155,                0.91531,                 1.4204,               0.001057,               0.001057,               0.001057
                    274,                 1.0334,                0.90557,                 1.2762,                0.88513,                0.77636,                0.87178,                0.58213,                  1.215,                0.91383,                 1.4204,               0.001024,               0.001024,               0.001024
                    275,                 1.0302,                0.90119,                  1.268,                0.88443,                0.77767,                0.87179,                0.58128,                 1.2161,                0.91386,                 1.4221,               0.000991,               0.000991,               0.000991
                    276,                 1.0317,                0.89042,                  1.267,                 0.8854,                0.77595,                0.86917,                0.58154,                  1.215,                0.91416,                 1.4205,               0.000958,               0.000958,               0.000958
                    277,                 1.0335,                0.89941,                 1.2761,                0.88382,                0.77483,                0.86934,                0.58107,                 1.2149,                0.91453,                 1.4205,               0.000925,               0.000925,               0.000925
                    278,                 1.0252,                 0.8997,                 1.2686,                0.88168,                0.77596,                0.87201,                0.58083,                 1.2151,                0.91404,                 1.4207,               0.000892,               0.000892,               0.000892
                    279,                 1.0367,                0.91332,                 1.2788,                0.88041,                0.77711,                0.87209,                0.58061,                 1.2158,                0.91363,                 1.4214,               0.000859,               0.000859,               0.000859
                    280,                 1.0477,                0.90366,                 1.2793,                0.88157,                0.77678,                0.87227,                0.58045,                 1.2172,                0.91226,                 1.4233,               0.000826,               0.000826,               0.000826
                    281,                 1.0219,                0.89162,                 1.2714,                0.88107,                0.77638,                0.87181,                0.57997,                 1.2174,                0.91305,                 1.4236,               0.000793,               0.000793,               0.000793
                    282,                 1.0204,                0.88637,                 1.2625,                0.87731,                0.78035,                0.87207,                0.57997,                 1.2177,                0.91309,                 1.4236,                0.00076,                0.00076,                0.00076
                    283,                 1.0258,                0.88645,                  1.272,                0.87667,                0.78062,                 0.8721,                0.58007,                 1.2178,                0.91358,                 1.4238,               0.000727,               0.000727,               0.000727
                    284,                  1.013,                0.86951,                 1.2603,                0.87531,                 0.7804,                0.87199,                0.58043,                  1.218,                0.91304,                  1.424,               0.000694,               0.000694,               0.000694
                    285,                  1.029,                0.88244,                 1.2718,                0.87619,                0.78048,                0.87224,                0.58042,                 1.2181,                0.91309,                  1.424,               0.000661,               0.000661,               0.000661
                    286,                 1.0277,                0.89473,                 1.2716,                0.87582,                0.78023,                0.87142,                0.58039,                 1.2188,                0.91288,                 1.4244,               0.000628,               0.000628,               0.000628
                    287,                 1.0209,                0.88997,                  1.266,                0.87579,                0.78022,                 0.8716,                0.58012,                 1.2188,                0.91269,                 1.4245,               0.000595,               0.000595,               0.000595
                    288,                 1.0121,                0.87708,                 1.2591,                0.88007,                0.77981,                0.87187,                 0.5811,                 1.2188,                0.91264,                 1.4244,               0.000562,               0.000562,               0.000562
                    289,                   1.01,                0.88447,                 1.2587,                0.87997,                0.77912,                0.87215,                0.58064,                 1.2188,                0.91234,                 1.4247,               0.000529,               0.000529,               0.000529
                    290,                 1.0127,                 0.8667,                 1.2571,                0.87948,                0.77947,                  0.872,                0.57998,                 1.2186,                0.91289,                 1.4244,               0.000496,               0.000496,               0.000496
                    291,                0.97902,                 0.7315,                 1.2426,                0.87946,                 0.7794,                0.87157,                0.57907,                 1.2199,                0.91364,                 1.4258,               0.000463,               0.000463,               0.000463
                    292,                0.95408,                0.69145,                 1.2258,                0.87608,                0.77925,                0.87056,                0.57986,                 1.2196,                0.91386,                 1.4253,                0.00043,                0.00043,                0.00043
                    293,                0.95086,                0.69002,                 1.2208,                0.87452,                 0.7801,                0.87061,                0.58049,                 1.2192,                0.91376,                  1.425,               0.000397,               0.000397,               0.000397
                    294,                0.94732,                0.68857,                 1.2269,                0.87882,                0.77711,                 0.8707,                0.57987,                 1.2178,                0.91371,                 1.4237,               0.000364,               0.000364,               0.000364
                    295,                0.93202,                0.67325,                 1.2085,                0.87668,                0.77931,                0.87066,                0.57961,                 1.2186,                0.91242,                 1.4244,               0.000331,               0.000331,               0.000331
                    296,                0.92714,                0.67647,                 1.2112,                 0.8777,                0.77809,                 0.8707,                 0.5793,                 1.2181,                  0.913,                 1.4245,               0.000298,               0.000298,               0.000298
                    297,                0.92595,                0.67415,                  1.211,                0.87784,                0.77605,                0.87043,                0.57941,                 1.2181,                0.91312,                 1.4246,               0.000265,               0.000265,               0.000265
                    298,                0.92371,                0.67111,                 1.2078,                0.87726,                0.77779,                0.87053,                0.57931,                  1.218,                0.91311,                 1.4248,               0.000232,               0.000232,               0.000232
                    299,                0.92478,                0.66778,                   1.21,                0.87745,                0.77709,                0.87056,                0.57905,                 1.2183,                0.91305,                 1.4251,               0.000199,               0.000199,               0.000199
                    300,                0.91554,                0.65952,                 1.2089,                 0.8794,                0.77865,                0.87114,                0.57937,                 1.2178,                0.91337,                  1.425,               0.000166,               0.000166,               0.000166
