                  epoch,         train/box_loss,         train/cls_loss,         train/dfl_loss,   metrics/precision(B),      metrics/recall(B),       metrics/mAP50(B),    metrics/mAP50-95(B),           val/box_loss,           val/cls_loss,           val/dfl_loss,                 lr/pg0,                 lr/pg1,                 lr/pg2
                      1,                 4.1543,                 4.9466,                 4.1844,                0.00098,                0.18315,                0.00129,                0.00041,                 4.0336,                 4.7734,                 4.6604,              0.0033181,              0.0033181,              0.0033181
                      2,                 3.9384,                 4.5677,                 3.9421,                0.00077,                0.03193,                 0.0004,                 0.0001,                 3.9539,                 4.9772,                 5.0324,              0.0066295,              0.0066295,              0.0066295
                      3,                 3.3266,                 4.1185,                 3.4167,                0.40417,                0.00834,                0.00415,                0.00128,                  3.351,                 4.4605,                  3.321,              0.0099189,              0.0099189,              0.0099189
                      4,                 2.9215,                 3.8308,                  3.029,                0.46638,                0.05522,                0.02058,                0.00587,                 2.9364,                 3.6698,                 2.9377,               0.009901,               0.009901,               0.009901
                      5,                  2.711,                  3.623,                 2.7965,                0.63021,                0.07689,                0.04048,                0.01089,                 2.7201,                 3.3737,                 2.7141,               0.009901,               0.009901,               0.009901
                      6,                  2.478,                 3.2919,                 2.6032,                0.32988,                0.11536,                0.05735,                0.02069,                 2.5098,                 3.3494,                 2.5951,               0.009868,               0.009868,               0.009868
                      7,                 2.3134,                  3.043,                 2.4772,                0.39106,                0.13824,                0.08281,                0.02836,                 2.3686,                 3.0783,                 2.5092,               0.009835,               0.009835,               0.009835
                      8,                 2.1808,                 2.8633,                 2.3453,                0.26156,                0.21084,                0.15566,                0.06985,                 2.2066,                  2.791,                 2.3264,               0.009802,               0.009802,               0.009802
                      9,                 2.0674,                 2.7309,                 2.2571,                0.34499,                0.20552,                0.14964,                0.05943,                 2.1921,                 2.7732,                 2.3642,               0.009769,               0.009769,               0.009769
                     10,                 1.9817,                 2.6301,                 2.1741,                0.40143,                0.30511,                 0.2434,                0.11038,                 2.0705,                 2.5179,                 2.1929,               0.009736,               0.009736,               0.009736
                     11,                 1.9401,                 2.5499,                 2.1079,                 0.2908,                0.16088,                0.12245,                0.04742,                 2.3534,                 3.4242,                 2.4734,               0.009703,               0.009703,               0.009703
                     12,                 1.8998,                 2.4782,                 2.0808,                0.39272,                0.29126,                0.28415,                  0.128,                 1.9996,                 2.3732,                 2.1198,                0.00967,                0.00967,                0.00967
                     13,                 1.8682,                 2.3887,                 2.0417,                0.37019,                0.35387,                0.30873,                0.14573,                 1.9264,                 2.2685,                 2.0547,               0.009637,               0.009637,               0.009637
                     14,                 1.8323,                 2.3652,                 2.0112,                0.50222,                0.32983,                0.34437,                0.15726,                 1.9228,                 2.2357,                 2.0665,               0.009604,               0.009604,               0.009604
                     15,                 1.8287,                 2.3205,                 1.9969,                0.37943,                0.38173,                0.31234,                0.15133,                 1.8754,                 2.5239,                 2.0145,               0.009571,               0.009571,               0.009571
                     16,                 1.7955,                 2.2733,                 1.9739,                0.44905,                0.37717,                0.33917,                0.16322,                 1.9082,                 2.2928,                 2.0482,               0.009538,               0.009538,               0.009538
                     17,                 1.7706,                 2.2207,                  1.947,                0.42724,                0.34063,                0.31646,                0.15429,                 1.9388,                 2.2848,                 2.0486,               0.009505,               0.009505,               0.009505
                     18,                 1.7473,                 2.1976,                 1.9245,                0.44449,                  0.393,                0.37606,                 0.1861,                 1.8672,                 2.2557,                 1.9943,               0.009472,               0.009472,               0.009472
                     19,                 1.7285,                 2.1602,                 1.9204,                0.48759,                0.40045,                0.40505,                0.20716,                 1.8037,                  2.049,                 1.9913,               0.009439,               0.009439,               0.009439
                     20,                 1.7226,                 2.1413,                 1.9089,                 0.5311,                0.36915,                0.39831,                0.20975,                 1.8012,                 2.1395,                 1.9676,               0.009406,               0.009406,               0.009406
                     21,                 1.6904,                 2.0937,                 1.8835,                 0.5243,                 0.4392,                0.44838,                0.23814,                   1.73,                 1.9305,                 1.9083,               0.009373,               0.009373,               0.009373
                     22,                 1.6918,                  2.071,                 1.8804,                 0.4689,                0.33338,                0.33347,                 0.1765,                 1.8888,                 2.4596,                 2.0463,                0.00934,                0.00934,                0.00934
                     23,                 1.6799,                  2.052,                 1.8577,                0.60004,                0.44212,                0.45941,                0.23849,                 1.6983,                 1.8924,                 1.8791,               0.009307,               0.009307,               0.009307
                     24,                 1.6661,                 2.0331,                 1.8574,                0.50729,                0.42334,                0.42237,                0.22144,                 1.8433,                 2.0935,                 1.9792,               0.009274,               0.009274,               0.009274
                     25,                 1.6536,                 2.0022,                 1.8342,                0.57245,                0.46283,                0.49962,                0.26645,                 1.6747,                  1.824,                 1.8561,               0.009241,               0.009241,               0.009241
                     26,                 1.6378,                 1.9966,                 1.8191,                0.56243,                 0.4898,                0.50765,                0.28525,                 1.6565,                 1.8368,                 1.8346,               0.009208,               0.009208,               0.009208
                     27,                 1.6294,                 1.9743,                 1.8117,                0.65192,                0.45499,                0.52199,                0.28131,                 1.6797,                 1.8055,                 1.8428,               0.009175,               0.009175,               0.009175
                     28,                 1.6211,                  1.946,                 1.8085,                 0.5972,                0.45657,                0.48079,                0.25875,                 1.6713,                 1.9115,                 1.8285,               0.009142,               0.009142,               0.009142
                     29,                 1.6056,                 1.9328,                 1.7904,                 0.6077,                0.46841,                0.52135,                0.28901,                  1.639,                 1.7563,                 1.7929,               0.009109,               0.009109,               0.009109
                     30,                 1.5979,                 1.8904,                 1.7761,                0.60652,                0.47196,                0.51604,                0.28341,                 1.6689,                  1.811,                 1.8184,               0.009076,               0.009076,               0.009076
                     31,                 1.5772,                 1.8884,                 1.7684,                0.59808,                0.50005,                 0.5379,                0.30069,                  1.615,                 1.7724,                  1.799,               0.009043,               0.009043,               0.009043
                     32,                 1.5692,                 1.8755,                  1.756,                0.64042,                0.49142,                0.51803,                0.27739,                 1.6295,                 1.8033,                 1.8072,                0.00901,                0.00901,                0.00901
                     33,                 1.5693,                 1.8624,                 1.7537,                0.64607,                0.47565,                0.55562,                0.31671,                 1.5603,                 1.7119,                 1.7678,               0.008977,               0.008977,               0.008977
                     34,                 1.5526,                 1.8358,                 1.7429,                0.64812,                0.52084,                0.56248,                0.32105,                 1.6069,                 1.6888,                   1.78,               0.008944,               0.008944,               0.008944
                     35,                 1.5515,                 1.8274,                 1.7367,                0.65223,                0.49798,                0.55706,                0.30962,                 1.5885,                 1.6956,                 1.7808,               0.008911,               0.008911,               0.008911
                     36,                 1.5391,                 1.8151,                 1.7284,                0.66534,                0.54566,                0.58857,                0.33669,                 1.5651,                 1.6283,                 1.7523,               0.008878,               0.008878,               0.008878
                     37,                 1.5473,                 1.8134,                   1.73,                0.64862,                0.52587,                 0.5666,                 0.3239,                 1.5573,                 1.6474,                 1.7448,               0.008845,               0.008845,               0.008845
                     38,                 1.5392,                 1.7909,                 1.7208,                0.66221,                0.53186,                0.58704,                0.33304,                 1.5553,                  1.637,                 1.7439,               0.008812,               0.008812,               0.008812
                     39,                 1.5159,                 1.7653,                  1.715,                0.63972,                0.54827,                0.60675,                0.35674,                  1.524,                  1.604,                 1.7246,               0.008779,               0.008779,               0.008779
                     40,                 1.5143,                 1.7641,                 1.7125,                0.68328,                0.52772,                0.59412,                0.34235,                 1.5266,                 1.5951,                 1.7198,               0.008746,               0.008746,               0.008746
                     41,                 1.5218,                 1.7523,                 1.7056,                0.67963,                 0.5561,                0.61934,                0.36036,                 1.5186,                 1.5632,                 1.7082,               0.008713,               0.008713,               0.008713
                     42,                 1.4946,                 1.7398,                 1.6959,                0.71299,                0.54649,                0.62477,                0.35396,                 1.5388,                 1.5795,                  1.704,                0.00868,                0.00868,                0.00868
                     43,                   1.49,                 1.7159,                 1.6797,                0.69355,                0.56196,                0.63277,                0.36423,                 1.5087,                 1.5361,                 1.6982,               0.008647,               0.008647,               0.008647
                     44,                 1.5069,                 1.7177,                 1.6938,                0.65992,                0.55332,                0.59977,                0.34909,                 1.5199,                 1.5631,                   1.71,               0.008614,               0.008614,               0.008614
                     45,                 1.4937,                 1.6947,                 1.6755,                0.69331,                0.54716,                0.62901,                0.37202,                  1.474,                 1.5158,                 1.6806,               0.008581,               0.008581,               0.008581
                     46,                 1.4773,                 1.6741,                 1.6621,                0.68725,                0.57177,                 0.6202,                0.36666,                 1.5141,                 1.5561,                 1.7068,               0.008548,               0.008548,               0.008548
                     47,                 1.4882,                 1.6943,                  1.681,                0.64146,                 0.6038,                0.62997,                0.37181,                 1.4586,                 1.4931,                 1.6589,               0.008515,               0.008515,               0.008515
                     48,                 1.4803,                  1.684,                 1.6661,                 0.6774,                0.58209,                0.64479,                0.38648,                 1.4819,                 1.4603,                 1.6769,               0.008482,               0.008482,               0.008482
                     49,                 1.4617,                 1.6711,                 1.6525,                0.67325,                0.60825,                0.65976,                0.39341,                 1.4772,                 1.4701,                 1.6632,               0.008449,               0.008449,               0.008449
                     50,                 1.4591,                 1.6522,                 1.6545,                0.66174,                0.55764,                0.63385,                0.37105,                 1.4833,                 1.5087,                 1.6653,               0.008416,               0.008416,               0.008416
                     51,                 1.4654,                 1.6348,                 1.6603,                0.73229,                 0.5851,                0.66495,                0.40101,                 1.4534,                 1.4579,                 1.6467,               0.008383,               0.008383,               0.008383
                     52,                 1.4621,                 1.6402,                 1.6452,                0.70674,                0.59683,                0.66736,                0.40291,                 1.4446,                 1.4748,                 1.6383,                0.00835,                0.00835,                0.00835
                     53,                 1.4473,                 1.6147,                  1.642,                0.75372,                0.59204,                0.68202,                0.41289,                 1.4427,                 1.4341,                 1.6272,               0.008317,               0.008317,               0.008317
                     54,                  1.436,                 1.6034,                 1.6258,                0.71327,                0.62922,                0.68359,                 0.4178,                 1.4367,                 1.3939,                   1.63,               0.008284,               0.008284,               0.008284
                     55,                 1.4415,                 1.5918,                 1.6252,                0.71099,                0.60341,                0.68651,                0.41554,                  1.436,                 1.4202,                 1.6333,               0.008251,               0.008251,               0.008251
                     56,                 1.4399,                 1.5913,                 1.6194,                0.72666,                0.61544,                0.68089,                0.42026,                 1.4151,                 1.3976,                 1.6071,               0.008218,               0.008218,               0.008218
                     57,                 1.4254,                 1.5933,                 1.6064,                0.70819,                0.61921,                0.67619,                 0.4133,                  1.445,                 1.4229,                 1.6144,               0.008185,               0.008185,               0.008185
                     58,                 1.4213,                  1.578,                 1.6059,                0.70019,                0.58188,                0.66437,                0.40659,                 1.4429,                 1.4258,                 1.6211,               0.008152,               0.008152,               0.008152
                     59,                 1.4211,                 1.5693,                 1.6105,                0.71829,                0.62173,                0.68557,                0.41056,                 1.4416,                 1.3899,                 1.6318,               0.008119,               0.008119,               0.008119
                     60,                 1.4095,                 1.5483,                 1.5954,                0.71824,                0.62796,                0.69119,                0.41589,                 1.4241,                 1.3761,                 1.6199,               0.008086,               0.008086,               0.008086
                     61,                 1.4216,                 1.5704,                 1.6046,                0.68111,                0.65426,                0.68441,                 0.4193,                 1.4284,                 1.4033,                 1.6228,               0.008053,               0.008053,               0.008053
                     62,                 1.4256,                  1.565,                 1.6109,                0.72493,                0.64369,                0.70283,                0.43034,                 1.4098,                 1.3792,                 1.6069,                0.00802,                0.00802,                0.00802
                     63,                 1.4143,                 1.5568,                 1.6031,                 0.7428,                0.62024,                0.69678,                0.43059,                 1.4157,                 1.3515,                 1.6161,               0.007987,               0.007987,               0.007987
                     64,                 1.4096,                 1.5521,                 1.6041,                0.75754,                0.62057,                0.70776,                 0.4343,                 1.3987,                 1.3366,                 1.5956,               0.007954,               0.007954,               0.007954
                     65,                 1.4109,                 1.5476,                  1.598,                0.77672,                0.62084,                 0.7151,                0.43099,                 1.4223,                 1.3597,                 1.6154,               0.007921,               0.007921,               0.007921
                     66,                 1.3927,                 1.5249,                 1.5828,                 0.7516,                0.61375,                0.71199,                 0.4437,                 1.4092,                 1.3382,                 1.5936,               0.007888,               0.007888,               0.007888
                     67,                 1.3971,                 1.5299,                 1.5784,                 0.7137,                0.65704,                0.72182,                0.43283,                 1.4162,                 1.3384,                 1.5971,               0.007855,               0.007855,               0.007855
                     68,                 1.3977,                 1.5111,                 1.5848,                0.74385,                0.66147,                0.72101,                0.45101,                 1.3957,                 1.2927,                 1.5835,               0.007822,               0.007822,               0.007822
                     69,                  1.387,                 1.5028,                 1.5738,                0.73209,                0.64128,                0.71436,                 0.4425,                 1.3876,                 1.3131,                 1.5753,               0.007789,               0.007789,               0.007789
                     70,                 1.3739,                 1.4856,                 1.5639,                0.70994,                0.66267,                0.72347,                0.44263,                 1.3654,                 1.3129,                 1.5677,               0.007756,               0.007756,               0.007756
                     71,                 1.3786,                 1.4941,                 1.5742,                 0.7343,                0.64629,                0.71203,                0.44146,                 1.3705,                 1.2997,                 1.5674,               0.007723,               0.007723,               0.007723
                     72,                 1.3836,                 1.4918,                 1.5728,                0.75231,                0.63594,                0.72789,                0.45217,                 1.3657,                 1.2851,                 1.5615,                0.00769,                0.00769,                0.00769
                     73,                 1.3739,                 1.4761,                 1.5718,                0.71701,                0.63214,                0.70152,                0.43365,                 1.3839,                 1.3308,                 1.5665,               0.007657,               0.007657,               0.007657
                     74,                 1.3637,                 1.4679,                 1.5547,                0.73757,                0.64248,                0.73029,                0.45333,                  1.364,                 1.2601,                 1.5471,               0.007624,               0.007624,               0.007624
                     75,                 1.3592,                  1.456,                 1.5551,                0.77784,                0.62444,                0.72336,                0.45027,                 1.3635,                 1.2817,                 1.5587,               0.007591,               0.007591,               0.007591
                     76,                 1.3585,                 1.4699,                 1.5497,                0.78671,                0.63928,                0.74009,                0.45595,                 1.3656,                 1.2552,                 1.5651,               0.007558,               0.007558,               0.007558
                     77,                 1.3681,                 1.4744,                 1.5588,                0.78681,                0.63851,                 0.7324,                0.45461,                   1.37,                 1.2863,                 1.5666,               0.007525,               0.007525,               0.007525
                     78,                 1.3548,                 1.4338,                 1.5369,                0.78408,                0.64906,                 0.7383,                0.46064,                 1.3523,                 1.2427,                 1.5489,               0.007492,               0.007492,               0.007492
                     79,                 1.3461,                 1.4318,                 1.5443,                0.75868,                 0.6488,                0.72908,                0.45163,                  1.366,                  1.274,                 1.5613,               0.007459,               0.007459,               0.007459
                     80,                 1.3608,                 1.4423,                 1.5522,                0.76329,                0.68155,                0.74689,                0.47338,                 1.3508,                 1.2341,                  1.554,               0.007426,               0.007426,               0.007426
                     81,                  1.348,                 1.4173,                 1.5331,                0.76689,                0.68494,                0.74353,                 0.4681,                  1.348,                 1.2456,                 1.5479,               0.007393,               0.007393,               0.007393
                     82,                 1.3521,                 1.4211,                 1.5462,                0.78997,                0.66987,                0.74843,                0.47025,                  1.345,                 1.2531,                 1.5404,                0.00736,                0.00736,                0.00736
                     83,                 1.3487,                 1.4173,                 1.5427,                0.76842,                0.66071,                0.74278,                0.46408,                  1.352,                 1.2459,                 1.5507,               0.007327,               0.007327,               0.007327
                     84,                 1.3383,                  1.418,                 1.5313,                0.81232,                 0.6369,                0.74223,                0.47561,                 1.3333,                 1.2416,                 1.5298,               0.007294,               0.007294,               0.007294
                     85,                 1.3401,                 1.4062,                 1.5279,                 0.7907,                0.64896,                0.75091,                0.47647,                 1.3464,                 1.2083,                 1.5433,               0.007261,               0.007261,               0.007261
                     86,                 1.3451,                  1.406,                 1.5355,                0.80765,                0.64445,                0.74656,                 0.4674,                 1.3524,                 1.2305,                 1.5441,               0.007228,               0.007228,               0.007228
                     87,                 1.3379,                 1.4153,                 1.5277,                0.78627,                0.66629,                0.74913,                0.47776,                 1.3238,                 1.2258,                 1.5312,               0.007195,               0.007195,               0.007195
                     88,                 1.3375,                 1.3891,                 1.5253,                0.82508,                0.65716,                0.76431,                0.48269,                 1.3228,                 1.2017,                 1.5152,               0.007162,               0.007162,               0.007162
                     89,                 1.3333,                 1.4114,                 1.5354,                0.78924,                0.66826,                 0.7523,                0.47526,                 1.3412,                  1.223,                 1.5436,               0.007129,               0.007129,               0.007129
                     90,                 1.3412,                 1.4115,                 1.5325,                 0.7785,                0.67214,                0.75017,                0.47721,                 1.3244,                  1.232,                 1.5198,               0.007096,               0.007096,               0.007096
                     91,                 1.3258,                 1.3924,                  1.522,                0.79519,                0.66783,                0.76397,                0.48602,                 1.3152,                 1.1936,                 1.5241,               0.007063,               0.007063,               0.007063
                     92,                 1.3172,                 1.3827,                  1.513,                 0.7547,                0.69796,                0.76308,                0.48003,                 1.3295,                 1.1959,                 1.5201,                0.00703,                0.00703,                0.00703
                     93,                 1.3244,                 1.3831,                 1.5214,                0.79009,                0.66535,                0.76477,                0.47995,                  1.321,                 1.1885,                 1.5058,               0.006997,               0.006997,               0.006997
                     94,                 1.3192,                 1.3753,                 1.5164,                0.80179,                0.69078,                0.76607,                0.48168,                 1.3348,                 1.1894,                 1.5243,               0.006964,               0.006964,               0.006964
                     95,                 1.3162,                 1.3649,                 1.5127,                0.78849,                0.69182,                0.76944,                0.48712,                 1.3158,                 1.1812,                 1.5247,               0.006931,               0.006931,               0.006931
                     96,                 1.3246,                 1.3601,                 1.5176,                0.79523,                0.69619,                0.77105,                 0.4887,                 1.3145,                 1.1823,                 1.5133,               0.006898,               0.006898,               0.006898
                     97,                 1.3185,                 1.3805,                 1.5168,                0.78232,                0.66846,                0.75391,                0.47676,                   1.33,                 1.1827,                 1.5169,               0.006865,               0.006865,               0.006865
                     98,                 1.3005,                 1.3545,                 1.5014,                 0.7811,                0.68649,                0.76823,                0.48368,                 1.3195,                  1.177,                 1.5152,               0.006832,               0.006832,               0.006832
                     99,                  1.325,                 1.3751,                  1.515,                0.77984,                0.72178,                0.77889,                0.49399,                 1.3221,                 1.1593,                 1.5167,               0.006799,               0.006799,               0.006799
                    100,                 1.3017,                 1.3522,                 1.4993,                0.79807,                0.69249,                0.77541,                0.49396,                 1.3135,                 1.1463,                 1.5142,               0.006766,               0.006766,               0.006766
                    101,                 1.2989,                 1.3527,                  1.498,                0.79792,                0.69238,                0.77147,                0.49684,                 1.3095,                 1.1413,                 1.5058,               0.006733,               0.006733,               0.006733
                    102,                 1.3087,                 1.3494,                 1.5009,                0.80458,                0.68288,                0.77508,                 0.4915,                 1.3081,                 1.1562,                 1.4985,                 0.0067,                 0.0067,                 0.0067
                    103,                 1.3083,                 1.3562,                 1.5048,                0.79034,                0.69388,                0.76969,                0.49431,                   1.31,                 1.1381,                 1.5113,               0.006667,               0.006667,               0.006667
                    104,                 1.3007,                 1.3274,                 1.4954,                0.79703,                0.69219,                0.77729,                0.49581,                 1.3078,                 1.1372,                 1.5057,               0.006634,               0.006634,               0.006634
                    105,                 1.2988,                 1.3271,                 1.4932,                 0.8072,                0.68613,                0.78308,                 0.4955,                 1.3016,                 1.1245,                  1.493,               0.006601,               0.006601,               0.006601
                    106,                 1.2882,                 1.2999,                 1.4841,                0.81375,                0.68529,                0.77828,                0.49451,                 1.3025,                  1.144,                 1.4957,               0.006568,               0.006568,               0.006568
                    107,                  1.288,                 1.2933,                 1.4837,                0.80319,                0.69677,                0.78062,                0.50179,                 1.2955,                  1.129,                  1.492,               0.006535,               0.006535,               0.006535
                    108,                 1.2894,                  1.303,                  1.482,                0.81282,                0.67032,                0.78088,                0.49778,                 1.2977,                 1.1352,                 1.4912,               0.006502,               0.006502,               0.006502
                    109,                 1.2836,                 1.3181,                 1.4825,                0.78497,                0.70551,                0.78192,                0.50306,                 1.2986,                 1.1386,                 1.4968,               0.006469,               0.006469,               0.006469
                    110,                 1.2804,                 1.3116,                 1.4784,                0.82525,                0.67301,                0.77909,                0.50554,                 1.2922,                 1.1211,                 1.4905,               0.006436,               0.006436,               0.006436
                    111,                 1.2969,                 1.3059,                 1.4899,                0.79277,                0.69674,                0.78208,                0.50366,                 1.3058,                 1.1317,                 1.4936,               0.006403,               0.006403,               0.006403
                    112,                 1.2717,                 1.2845,                 1.4712,                0.82571,                0.67351,                0.78359,                0.50245,                 1.2917,                 1.1311,                 1.4886,                0.00637,                0.00637,                0.00637
                    113,                 1.2707,                 1.2618,                 1.4699,                0.82557,                0.69055,                0.78983,                0.51266,                 1.2954,                 1.0992,                 1.4914,               0.006337,               0.006337,               0.006337
                    114,                 1.2677,                 1.2779,                 1.4707,                0.78248,                0.72341,                0.78777,                0.51207,                 1.2932,                 1.1062,                 1.4939,               0.006304,               0.006304,               0.006304
                    115,                 1.2908,                 1.2821,                  1.482,                0.78233,                0.70947,                0.78368,                0.50908,                 1.2841,                 1.0959,                 1.4793,               0.006271,               0.006271,               0.006271
                    116,                 1.2785,                 1.2868,                 1.4807,                0.76894,                0.72793,                0.78341,                0.50918,                 1.2853,                  1.112,                  1.481,               0.006238,               0.006238,               0.006238
                    117,                 1.2747,                 1.2875,                 1.4688,                0.78365,                 0.7273,                0.78731,                0.50899,                 1.2807,                 1.0938,                 1.4881,               0.006205,               0.006205,               0.006205
                    118,                 1.2664,                  1.281,                 1.4705,                0.81641,                0.70145,                0.79492,                0.50761,                 1.2873,                 1.0907,                 1.4858,               0.006172,               0.006172,               0.006172
                    119,                  1.267,                 1.2674,                 1.4627,                0.83692,                 0.6955,                0.79649,                0.50973,                 1.3044,                 1.0986,                 1.4928,               0.006139,               0.006139,               0.006139
                    120,                  1.269,                 1.2927,                 1.4757,                0.82273,                0.68998,                0.79142,                0.51104,                 1.2973,                  1.105,                 1.4858,               0.006106,               0.006106,               0.006106
                    121,                 1.2766,                 1.2756,                 1.4762,                0.79619,                0.72074,                 0.8011,                0.51937,                 1.2758,                 1.0989,                 1.4678,               0.006073,               0.006073,               0.006073
                    122,                 1.2761,                  1.275,                 1.4606,                 0.8391,                0.69676,                0.80727,                0.51884,                 1.2767,                 1.0921,                 1.4792,                0.00604,                0.00604,                0.00604
                    123,                 1.2543,                 1.2601,                 1.4515,                   0.81,                0.71794,                0.79718,                0.51455,                 1.2821,                 1.0921,                  1.482,               0.006007,               0.006007,               0.006007
                    124,                 1.2584,                 1.2447,                 1.4516,                0.82231,                0.71366,                0.80689,                 0.5258,                 1.2809,                 1.0934,                 1.4764,               0.005974,               0.005974,               0.005974
                    125,                 1.2706,                  1.256,                 1.4675,                0.80809,                0.72641,                0.80538,                0.52118,                 1.2897,                 1.0953,                 1.4858,               0.005941,               0.005941,               0.005941
                    126,                 1.2564,                 1.2521,                 1.4526,                0.79285,                0.72927,                0.80359,                0.51938,                 1.2848,                 1.0925,                 1.4781,               0.005908,               0.005908,               0.005908
                    127,                 1.2669,                 1.2605,                 1.4587,                0.77787,                0.73839,                0.80491,                0.51833,                 1.2805,                 1.0746,                 1.4727,               0.005875,               0.005875,               0.005875
                    128,                 1.2639,                 1.2434,                 1.4593,                  0.815,                0.70474,                 0.7988,                0.51973,                 1.2843,                 1.0831,                 1.4748,               0.005842,               0.005842,               0.005842
                    129,                 1.2467,                 1.2391,                 1.4452,                0.78665,                0.71222,                0.79702,                0.51668,                 1.2806,                 1.0807,                 1.4709,               0.005809,               0.005809,               0.005809
                    130,                 1.2588,                 1.2471,                 1.4541,                0.82995,                0.71613,                0.80815,                0.52238,                 1.2833,                  1.087,                 1.4749,               0.005776,               0.005776,               0.005776
                    131,                   1.25,                 1.2256,                 1.4426,                0.83876,                0.71758,                0.81039,                0.52353,                 1.2736,                 1.0787,                 1.4664,               0.005743,               0.005743,               0.005743
                    132,                  1.246,                 1.2349,                 1.4493,                0.81434,                0.73286,                0.81714,                0.52895,                 1.2686,                 1.0638,                 1.4617,                0.00571,                0.00571,                0.00571
                    133,                 1.2418,                 1.2256,                 1.4384,                0.82036,                0.72372,                0.80596,                0.52734,                 1.2673,                 1.0749,                 1.4603,               0.005677,               0.005677,               0.005677
                    134,                 1.2478,                 1.2188,                 1.4416,                0.84826,                 0.6976,                0.80296,                0.52878,                 1.2622,                 1.0773,                 1.4577,               0.005644,               0.005644,               0.005644
                    135,                 1.2421,                 1.2245,                 1.4408,                0.83523,                0.72675,                0.81156,                0.53342,                 1.2612,                 1.0657,                 1.4611,               0.005611,               0.005611,               0.005611
                    136,                 1.2409,                 1.2222,                  1.443,                0.83557,                0.74114,                0.81471,                 0.5303,                 1.2614,                 1.0687,                 1.4572,               0.005578,               0.005578,               0.005578
                    137,                 1.2302,                 1.2188,                  1.433,                0.82127,                0.72584,                0.80809,                0.52973,                 1.2592,                 1.0583,                 1.4523,               0.005545,               0.005545,               0.005545
                    138,                 1.2371,                 1.2247,                 1.4394,                0.82268,                0.74504,                0.82021,                0.53059,                 1.2497,                 1.0546,                 1.4471,               0.005512,               0.005512,               0.005512
                    139,                 1.2337,                 1.2118,                 1.4381,                0.81864,                0.74326,                0.82061,                 0.5326,                 1.2568,                 1.0589,                 1.4544,               0.005479,               0.005479,               0.005479
                    140,                 1.2305,                 1.2119,                 1.4268,                0.81096,                0.74047,                0.81315,                0.53513,                 1.2604,                 1.0479,                  1.457,               0.005446,               0.005446,               0.005446
                    141,                 1.2296,                 1.2126,                 1.4326,                0.80118,                0.73711,                0.80741,                0.52737,                 1.2585,                 1.0589,                 1.4495,               0.005413,               0.005413,               0.005413
                    142,                 1.2205,                 1.1921,                   1.42,                0.79947,                0.73795,                0.81054,                0.52607,                 1.2624,                  1.058,                 1.4565,                0.00538,                0.00538,                0.00538
                    143,                 1.2301,                 1.2046,                 1.4297,                0.82706,                0.73365,                0.80648,                0.52561,                 1.2642,                 1.0608,                 1.4591,               0.005347,               0.005347,               0.005347
                    144,                 1.2284,                 1.2034,                 1.4295,                0.80352,                 0.7477,                0.81117,                0.52882,                 1.2602,                 1.0527,                 1.4566,               0.005314,               0.005314,               0.005314
                    145,                 1.2229,                 1.1923,                 1.4284,                0.81522,                0.75399,                0.81334,                0.52779,                 1.2648,                 1.0518,                 1.4574,               0.005281,               0.005281,               0.005281
                    146,                 1.2223,                 1.1844,                 1.4198,                0.79588,                0.75707,                0.81556,                 0.5293,                 1.2645,                 1.0619,                  1.459,               0.005248,               0.005248,               0.005248
                    147,                 1.2301,                 1.1986,                 1.4184,                0.82724,                0.73946,                0.81431,                0.53254,                 1.2571,                 1.0486,                 1.4506,               0.005215,               0.005215,               0.005215
                    148,                 1.2272,                 1.1837,                 1.4302,                0.82266,                0.73895,                0.81201,                0.53086,                 1.2513,                 1.0514,                 1.4525,               0.005182,               0.005182,               0.005182
                    149,                 1.2135,                 1.1666,                 1.4167,                0.83889,                0.72771,                 0.8149,                0.53198,                 1.2605,                 1.0501,                 1.4582,               0.005149,               0.005149,               0.005149
                    150,                  1.222,                  1.192,                 1.4206,                0.83002,                0.73196,                 0.8133,                0.53477,                 1.2552,                 1.0475,                  1.449,               0.005116,               0.005116,               0.005116
                    151,                 1.2157,                 1.1875,                  1.412,                0.84273,                0.73108,                0.81567,                0.53082,                 1.2559,                 1.0416,                 1.4453,               0.005083,               0.005083,               0.005083
                    152,                 1.1989,                  1.154,                 1.4074,                0.81365,                0.76502,                0.82068,                0.53465,                 1.2573,                 1.0387,                 1.4519,                0.00505,                0.00505,                0.00505
                    153,                 1.2028,                 1.1681,                 1.4085,                0.82307,                0.75373,                0.82087,                0.53463,                 1.2529,                 1.0375,                 1.4507,               0.005017,               0.005017,               0.005017
                    154,                 1.2068,                 1.1532,                 1.4114,                0.83434,                0.74005,                0.81782,                0.52977,                 1.2605,                  1.054,                 1.4587,               0.004984,               0.004984,               0.004984
                    155,                 1.2066,                   1.17,                 1.4125,                0.82727,                 0.7415,                0.81807,                0.52641,                 1.2589,                 1.0524,                  1.454,               0.004951,               0.004951,               0.004951
                    156,                 1.1955,                 1.1568,                 1.4064,                0.84061,                0.73172,                0.82158,                0.52972,                 1.2586,                 1.0442,                 1.4515,               0.004918,               0.004918,               0.004918
                    157,                  1.204,                 1.1584,                 1.4064,                0.82064,                0.74593,                0.82367,                0.53446,                 1.2584,                 1.0286,                 1.4501,               0.004885,               0.004885,               0.004885
                    158,                 1.2036,                 1.1563,                 1.4091,                0.81011,                0.75647,                0.82095,                0.53462,                 1.2578,                 1.0376,                 1.4479,               0.004852,               0.004852,               0.004852
                    159,                 1.2004,                 1.1504,                 1.4057,                0.80747,                0.76619,                 0.8206,                 0.5346,                 1.2592,                 1.0377,                 1.4492,               0.004819,               0.004819,               0.004819
                    160,                 1.2001,                 1.1449,                 1.3949,                0.81657,                0.75966,                0.82177,                0.53281,                 1.2533,                 1.0294,                 1.4449,               0.004786,               0.004786,               0.004786
                    161,                 1.2102,                 1.1574,                 1.4052,                0.79101,                0.77211,                0.82365,                 0.5368,                 1.2545,                 1.0276,                 1.4425,               0.004753,               0.004753,               0.004753
                    162,                 1.2013,                 1.1468,                 1.4013,                0.82412,                0.75956,                0.82357,                0.54422,                 1.2505,                 1.0245,                 1.4443,                0.00472,                0.00472,                0.00472
                    163,                 1.1935,                 1.1402,                 1.3965,                0.82075,                0.75614,                0.82144,                0.54532,                 1.2461,                 1.0318,                 1.4377,               0.004687,               0.004687,               0.004687
                    164,                 1.1828,                 1.1317,                 1.3903,                0.83105,                0.74579,                0.82314,                0.54629,                 1.2438,                 1.0248,                 1.4378,               0.004654,               0.004654,               0.004654
                    165,                  1.184,                 1.1364,                 1.3897,                0.82526,                0.74024,                0.82317,                0.54443,                 1.2459,                 1.0225,                 1.4379,               0.004621,               0.004621,               0.004621
                    166,                 1.1962,                 1.1324,                 1.3961,                0.83281,                0.73937,                0.82229,                0.54191,                  1.257,                 1.0245,                 1.4447,               0.004588,               0.004588,               0.004588
                    167,                 1.1906,                 1.1155,                 1.3898,                0.82493,                0.75015,                0.82642,                0.54612,                 1.2543,                 1.0231,                 1.4431,               0.004555,               0.004555,               0.004555
                    168,                 1.1905,                 1.1329,                  1.397,                0.81951,                0.75645,                0.82661,                0.54472,                 1.2564,                 1.0189,                 1.4451,               0.004522,               0.004522,               0.004522
                    169,                 1.1914,                 1.1155,                 1.3939,                0.82684,                0.75031,                0.83043,                0.54786,                  1.254,                 1.0093,                 1.4446,               0.004489,               0.004489,               0.004489
                    170,                 1.1943,                 1.1328,                 1.3992,                0.82275,                0.75182,                0.82879,                0.54674,                 1.2508,                  1.011,                 1.4421,               0.004456,               0.004456,               0.004456
                    171,                  1.168,                 1.1313,                 1.3752,                0.84008,                0.74013,                0.82997,                0.54912,                 1.2487,                 1.0085,                 1.4381,               0.004423,               0.004423,               0.004423
                    172,                 1.1812,                 1.1277,                 1.3858,                0.80735,                0.76631,                0.82918,                0.54806,                 1.2548,                 1.0102,                 1.4429,                0.00439,                0.00439,                0.00439
                    173,                 1.1812,                 1.1208,                 1.3885,                0.80707,                0.75994,                0.82754,                0.54792,                 1.2581,                 1.0091,                 1.4454,               0.004357,               0.004357,               0.004357
                    174,                 1.1761,                 1.1052,                  1.383,                0.85225,                 0.7384,                0.83009,                0.55087,                 1.2594,                 1.0123,                 1.4479,               0.004324,               0.004324,               0.004324
                    175,                 1.1778,                 1.1129,                 1.3835,                0.85242,                 0.7428,                0.82969,                0.54881,                 1.2597,                 1.0075,                  1.446,               0.004291,               0.004291,               0.004291
                    176,                 1.1784,                  1.108,                 1.3804,                0.82537,                0.75255,                0.83127,                0.54698,                 1.2548,                 1.0025,                 1.4396,               0.004258,               0.004258,               0.004258
                    177,                 1.1771,                 1.1168,                 1.3796,                0.84502,                0.74872,                0.83158,                0.55006,                 1.2513,                 1.0022,                 1.4358,               0.004225,               0.004225,               0.004225
                    178,                 1.1653,                 1.0906,                 1.3716,                0.83484,                0.75697,                0.83254,                0.55192,                 1.2506,                 1.0013,                 1.4349,               0.004192,               0.004192,               0.004192
                    179,                 1.1619,                 1.0974,                  1.368,                0.83385,                0.75261,                0.83368,                0.55322,                 1.2542,                  1.001,                 1.4389,               0.004159,               0.004159,               0.004159
                    180,                 1.1678,                 1.1006,                 1.3703,                0.86026,                0.73863,                0.83399,                0.55295,                 1.2545,                 1.0018,                  1.439,               0.004126,               0.004126,               0.004126
                    181,                 1.1597,                 1.0857,                 1.3697,                0.86361,                0.74343,                0.83851,                0.55362,                 1.2528,                 0.9999,                 1.4347,               0.004093,               0.004093,               0.004093
                    182,                  1.173,                 1.0956,                 1.3768,                0.82886,                0.76793,                0.83445,                0.55126,                 1.2551,                0.99884,                 1.4367,                0.00406,                0.00406,                0.00406
                    183,                 1.1632,                 1.0898,                 1.3713,                0.84498,                0.74807,                0.83466,                0.55135,                  1.261,                 1.0009,                 1.4389,               0.004027,               0.004027,               0.004027
                    184,                 1.1626,                  1.086,                   1.37,                 0.8629,                0.72943,                0.83394,                0.55408,                 1.2591,                  1.003,                 1.4366,               0.003994,               0.003994,               0.003994
                    185,                  1.165,                 1.0997,                 1.3765,                0.85059,                0.73976,                0.83578,                0.55056,                 1.2596,                 0.9971,                 1.4349,               0.003961,               0.003961,               0.003961
                    186,                 1.1507,                 1.0707,                 1.3688,                0.84425,                0.74974,                0.83685,                0.55353,                 1.2567,                0.99318,                 1.4318,               0.003928,               0.003928,               0.003928
                    187,                 1.1593,                 1.0761,                 1.3667,                0.83762,                0.74555,                0.83476,                0.55236,                 1.2532,                0.99538,                 1.4287,               0.003895,               0.003895,               0.003895
                    188,                 1.1553,                 1.0736,                 1.3596,                 0.8238,                0.76696,                0.83562,                0.55179,                 1.2524,                0.99358,                 1.4282,               0.003862,               0.003862,               0.003862
                    189,                  1.162,                 1.0864,                 1.3624,                0.83171,                0.76903,                0.83523,                 0.5481,                  1.255,                0.99331,                   1.43,               0.003829,               0.003829,               0.003829
                    190,                 1.1476,                 1.0732,                 1.3568,                0.83666,                0.75821,                0.83509,                 0.5484,                 1.2535,                0.98692,                 1.4295,               0.003796,               0.003796,               0.003796
                    191,                 1.1543,                 1.0887,                  1.363,                 0.8201,                0.76464,                0.83607,                0.54959,                 1.2553,                0.98339,                 1.4321,               0.003763,               0.003763,               0.003763
                    192,                 1.1483,                 1.0701,                 1.3635,                0.83484,                0.76328,                0.84249,                0.55171,                 1.2543,                 0.9794,                 1.4348,                0.00373,                0.00373,                0.00373
                    193,                 1.1476,                 1.0673,                 1.3564,                0.85101,                0.75226,                0.84396,                 0.5533,                 1.2548,                0.97842,                  1.436,               0.003697,               0.003697,               0.003697
                    194,                 1.1446,                 1.0664,                 1.3559,                0.84004,                0.76422,                0.84286,                0.55508,                 1.2527,                0.98004,                 1.4336,               0.003664,               0.003664,               0.003664
                    195,                 1.1567,                 1.0613,                 1.3556,                0.82443,                0.77139,                0.83973,                0.55252,                 1.2544,                0.98507,                 1.4338,               0.003631,               0.003631,               0.003631
                    196,                 1.1425,                 1.0442,                 1.3531,                 0.8266,                 0.7608,                0.83771,                0.55305,                 1.2548,                 0.9861,                 1.4343,               0.003598,               0.003598,               0.003598
                    197,                 1.1364,                 1.0572,                 1.3498,                0.83035,                0.76179,                 0.8387,                0.55116,                 1.2541,                0.98927,                 1.4359,               0.003565,               0.003565,               0.003565
                    198,                  1.155,                  1.051,                 1.3612,                0.83274,                0.75785,                0.83849,                0.55049,                 1.2521,                0.99415,                 1.4337,               0.003532,               0.003532,               0.003532
                    199,                 1.1396,                 1.0417,                 1.3505,                0.85184,                0.74258,                0.84064,                0.55426,                 1.2519,                0.99138,                  1.434,               0.003499,               0.003499,               0.003499
                    200,                 1.1257,                 1.0471,                 1.3467,                0.83298,                0.75884,                0.84253,                0.55422,                 1.2548,                0.98961,                 1.4364,               0.003466,               0.003466,               0.003466
                    201,                 1.1406,                 1.0428,                 1.3486,                0.83661,                0.75405,                0.84034,                0.55469,                 1.2525,                0.98961,                 1.4338,               0.003433,               0.003433,               0.003433
                    202,                 1.1249,                 1.0534,                 1.3472,                0.84491,                0.75406,                0.84063,                0.55448,                 1.2499,                0.98807,                 1.4306,                 0.0034,                 0.0034,                 0.0034
                    203,                 1.1372,                 1.0529,                 1.3472,                0.83869,                0.75905,                0.84326,                 0.5546,                 1.2498,                0.98742,                 1.4305,               0.003367,               0.003367,               0.003367
                    204,                 1.1279,                 1.0403,                 1.3425,                0.85733,                0.74778,                0.84433,                 0.5542,                 1.2492,                0.98771,                 1.4314,               0.003334,               0.003334,               0.003334
                    205,                 1.1178,                 1.0403,                 1.3383,                0.84978,                0.75398,                0.84493,                0.55494,                 1.2464,                0.98674,                 1.4291,               0.003301,               0.003301,               0.003301
                    206,                 1.1268,                 1.0466,                 1.3483,                0.84567,                0.75679,                0.84489,                0.55628,                 1.2436,                0.98477,                 1.4278,               0.003268,               0.003268,               0.003268
                    207,                 1.1333,                 1.0422,                 1.3404,                0.83867,                0.76839,                0.84443,                0.55612,                 1.2437,                0.98538,                  1.429,               0.003235,               0.003235,               0.003235
                    208,                 1.1231,                 1.0288,                  1.333,                0.84359,                0.76196,                0.84434,                0.55651,                 1.2436,                0.98297,                 1.4297,               0.003202,               0.003202,               0.003202
                    209,                 1.1292,                 1.0377,                 1.3468,                0.83849,                0.77159,                0.84478,                0.55854,                 1.2418,                0.98016,                  1.429,               0.003169,               0.003169,               0.003169
                    210,                 1.1243,                 1.0341,                 1.3368,                0.84772,                0.75826,                0.84467,                0.55537,                 1.2428,                0.97734,                 1.4288,               0.003136,               0.003136,               0.003136
                    211,                 1.1269,                 1.0431,                 1.3395,                0.86066,                0.74808,                0.84397,                0.55566,                 1.2455,                0.97904,                 1.4323,               0.003103,               0.003103,               0.003103
                    212,                 1.1126,                 1.0156,                 1.3321,                0.82211,                0.78029,                0.84378,                0.55881,                 1.2445,                0.97835,                 1.4316,                0.00307,                0.00307,                0.00307
                    213,                 1.1126,                 1.0197,                 1.3334,                 0.8403,                0.77161,                0.84224,                0.55719,                 1.2454,                0.97943,                 1.4341,               0.003037,               0.003037,               0.003037
                    214,                 1.1265,                  1.042,                 1.3343,                0.82991,                0.77715,                0.84306,                 0.5573,                 1.2446,                0.97911,                 1.4331,               0.003004,               0.003004,               0.003004
                    215,                 1.1085,                 1.0147,                 1.3305,                0.82164,                0.78546,                0.84384,                 0.5559,                 1.2447,                0.97637,                 1.4327,               0.002971,               0.002971,               0.002971
                    216,                 1.1056,                 1.0073,                 1.3244,                 0.8349,                0.78337,                0.84462,                0.55554,                 1.2449,                0.97554,                  1.432,               0.002938,               0.002938,               0.002938
                    217,                 1.1058,                 1.0079,                 1.3195,                0.83375,                0.77902,                0.84324,                0.55454,                 1.2467,                0.97339,                 1.4333,               0.002905,               0.002905,               0.002905
                    218,                 1.1039,                 1.0094,                 1.3238,                0.83899,                0.77546,                0.84429,                0.55464,                  1.247,                0.97367,                  1.433,               0.002872,               0.002872,               0.002872
                    219,                 1.1074,                  1.008,                 1.3345,                0.84236,                0.76642,                0.84428,                0.55489,                 1.2463,                  0.975,                 1.4323,               0.002839,               0.002839,               0.002839
                    220,                 1.1067,                 1.0026,                 1.3295,                0.86194,                0.75384,                0.84521,                0.55603,                 1.2464,                0.97513,                 1.4305,               0.002806,               0.002806,               0.002806
                    221,                 1.0961,                  1.002,                 1.3218,                0.83809,                0.77388,                0.84692,                0.55781,                 1.2493,                0.97672,                 1.4315,               0.002773,               0.002773,               0.002773
                    222,                 1.1159,                 1.0008,                 1.3313,                0.83709,                 0.7717,                0.84597,                0.55797,                 1.2467,                0.97379,                  1.429,                0.00274,                0.00274,                0.00274
                    223,                 1.0967,                0.99189,                 1.3216,                0.86439,                0.75542,                0.84662,                0.56092,                 1.2455,                0.97443,                 1.4279,               0.002707,               0.002707,               0.002707
                    224,                  1.099,                0.99575,                 1.3229,                0.85623,                0.76512,                0.84792,                0.55998,                 1.2437,                0.97411,                 1.4258,               0.002674,               0.002674,               0.002674
                    225,                 1.0947,                 1.0022,                 1.3195,                0.85605,                0.76231,                0.84746,                0.56193,                 1.2421,                0.97076,                  1.424,               0.002641,               0.002641,               0.002641
                    226,                  1.099,                0.99427,                 1.3219,                0.84341,                0.77162,                0.84842,                0.56026,                 1.2408,                0.97053,                 1.4229,               0.002608,               0.002608,               0.002608
                    227,                 1.1004,                0.99057,                 1.3173,                 0.8341,                0.77665,                0.84863,                 0.5612,                 1.2403,                0.97228,                 1.4215,               0.002575,               0.002575,               0.002575
                    228,                 1.0986,                 1.0005,                 1.3216,                0.83144,                0.78188,                0.84753,                0.56086,                 1.2396,                0.97339,                 1.4212,               0.002542,               0.002542,               0.002542
                    229,                 1.1075,                0.99184,                 1.3184,                0.82495,                0.78909,                0.84838,                0.56131,                 1.2399,                0.97421,                 1.4213,               0.002509,               0.002509,               0.002509
                    230,                 1.0905,                0.97473,                 1.3155,                0.83233,                0.78828,                 0.8487,                0.56178,                 1.2407,                0.97203,                 1.4215,               0.002476,               0.002476,               0.002476
                    231,                 1.0902,                 0.9775,                  1.313,                0.83413,                0.78654,                0.84906,                0.56241,                 1.2396,                0.97205,                 1.4204,               0.002443,               0.002443,               0.002443
                    232,                 1.0902,                0.97093,                 1.3111,                0.84022,                0.78577,                0.84932,                0.56015,                 1.2399,                0.97069,                 1.4211,                0.00241,                0.00241,                0.00241
                    233,                 1.0881,                0.97886,                 1.3128,                0.84153,                0.78224,                0.84905,                0.56079,                 1.2402,                0.97062,                  1.421,               0.002377,               0.002377,               0.002377
                    234,                 1.0838,                0.96378,                 1.3062,                0.84194,                0.78045,                0.84985,                0.56096,                  1.241,                0.97065,                 1.4213,               0.002344,               0.002344,               0.002344
                    235,                 1.0964,                 1.0003,                 1.3158,                0.82836,                0.78583,                0.84988,                0.56049,                 1.2409,                0.97044,                 1.4212,               0.002311,               0.002311,               0.002311
                    236,                 1.0929,                 0.9699,                 1.3086,                0.83184,                 0.7853,                0.84933,                0.56163,                 1.2406,                0.97076,                 1.4207,               0.002278,               0.002278,               0.002278
                    237,                 1.0781,                0.96904,                 1.3096,                0.83367,                0.78763,                0.84908,                0.56212,                 1.2409,                 0.9699,                 1.4203,               0.002245,               0.002245,               0.002245
                    238,                 1.0821,                0.98074,                 1.3119,                 0.8346,                0.79245,                0.84902,                 0.5615,                 1.2416,                0.96927,                 1.4206,               0.002212,               0.002212,               0.002212
                    239,                 1.0725,                0.95799,                 1.3043,                0.83268,                0.79204,                0.84926,                0.56186,                 1.2421,                0.96826,                 1.4208,               0.002179,               0.002179,               0.002179
                    240,                 1.0836,                0.96309,                 1.3043,                0.82971,                0.79102,                0.84918,                0.56172,                 1.2426,                 0.9695,                 1.4206,               0.002146,               0.002146,               0.002146
                    241,                  1.087,                0.97334,                 1.3084,                0.83337,                0.78861,                0.84884,                0.56151,                 1.2422,                0.96653,                 1.4196,               0.002113,               0.002113,               0.002113
                    242,                 1.0682,                0.94956,                 1.2978,                0.83601,                 0.7877,                0.84919,                0.56135,                 1.2421,                0.96487,                 1.4192,                0.00208,                0.00208,                0.00208
                    243,                 1.0776,                0.95886,                 1.3004,                0.83746,                0.78842,                0.84942,                0.56217,                 1.2423,                0.96272,                 1.4194,               0.002047,               0.002047,               0.002047
                    244,                 1.0764,                 0.9585,                 1.3006,                0.83761,                 0.7887,                 0.8507,                0.56338,                  1.242,                0.96314,                 1.4186,               0.002014,               0.002014,               0.002014
                    245,                 1.0665,                0.95561,                  1.297,                0.83827,                0.78875,                0.85076,                 0.5632,                 1.2421,                0.96252,                 1.4189,               0.001981,               0.001981,               0.001981
                    246,                 1.0726,                0.94861,                 1.2926,                0.83729,                0.78829,                0.85146,                0.56487,                 1.2422,                0.96153,                 1.4184,               0.001948,               0.001948,               0.001948
                    247,                 1.0726,                0.95328,                  1.301,                0.83521,                0.78949,                0.85178,                0.56513,                 1.2432,                0.96191,                 1.4196,               0.001915,               0.001915,               0.001915
                    248,                 1.0792,                0.95115,                 1.2956,                0.84171,                0.78089,                0.85251,                0.56484,                 1.2432,                0.96145,                 1.4197,               0.001882,               0.001882,               0.001882
                    249,                 1.0752,                0.95934,                 1.3007,                0.84298,                0.77823,                0.85141,                0.56518,                 1.2436,                0.96239,                 1.4199,               0.001849,               0.001849,               0.001849
                    250,                 1.0605,                 0.9434,                 1.2961,                0.84586,                0.77797,                0.85075,                0.56416,                 1.2416,                0.96194,                 1.4181,               0.001816,               0.001816,               0.001816
                    251,                 1.0694,                0.95102,                 1.2981,                0.84904,                0.77968,                0.85133,                0.56471,                 1.2426,                0.96102,                 1.4188,               0.001783,               0.001783,               0.001783
                    252,                 1.0734,                0.94481,                  1.301,                0.84928,                0.77999,                0.85055,                0.56391,                 1.2414,                 0.9598,                  1.418,                0.00175,                0.00175,                0.00175
                    253,                 1.0701,                0.94147,                 1.3001,                0.84892,                0.78205,                0.85085,                0.56512,                 1.2414,                0.95915,                 1.4179,               0.001717,               0.001717,               0.001717
                    254,                 1.0603,                0.93736,                 1.2889,                0.84909,                0.77949,                0.85043,                0.56512,                 1.2413,                0.95884,                 1.4176,               0.001684,               0.001684,               0.001684
                    255,                 1.0487,                0.93861,                 1.2828,                0.85332,                0.77868,                0.85147,                0.56555,                 1.2402,                0.95943,                 1.4167,               0.001651,               0.001651,               0.001651
                    256,                 1.0547,                0.93264,                 1.2876,                0.85399,                0.77741,                0.85155,                0.56595,                   1.24,                0.95869,                 1.4162,               0.001618,               0.001618,               0.001618
                    257,                 1.0614,                0.93819,                 1.2922,                0.85369,                0.77673,                0.85117,                0.56453,                 1.2407,                0.95872,                 1.4165,               0.001585,               0.001585,               0.001585
                    258,                 1.0705,                0.93939,                 1.2919,                0.85247,                0.77829,                0.85111,                0.56477,                 1.2407,                0.95913,                 1.4165,               0.001552,               0.001552,               0.001552
                    259,                 1.0428,                0.92539,                 1.2806,                0.85362,                0.77816,                0.85082,                0.56458,                 1.2408,                0.95882,                 1.4165,               0.001519,               0.001519,               0.001519
                    260,                 1.0559,                0.92199,                 1.2833,                0.85185,                0.77915,                0.85072,                0.56515,                 1.2419,                0.96081,                 1.4178,               0.001486,               0.001486,               0.001486
                    261,                 1.0419,                0.92302,                 1.2774,                0.85014,                0.77521,                0.85073,                0.56401,                 1.2425,                0.95991,                 1.4182,               0.001453,               0.001453,               0.001453
                    262,                 1.0417,                0.92296,                 1.2751,                0.85236,                0.77834,                0.85106,                 0.5647,                 1.2434,                0.95971,                 1.4189,                0.00142,                0.00142,                0.00142
                    263,                 1.0557,                0.91715,                   1.28,                0.85036,                0.78028,                0.85091,                0.56413,                 1.2443,                0.96041,                   1.42,               0.001387,               0.001387,               0.001387
                    264,                  1.054,                0.92121,                 1.2779,                0.84908,                0.77941,                 0.8506,                0.56516,                  1.245,                0.96118,                 1.4203,               0.001354,               0.001354,               0.001354
                    265,                 1.0493,                0.92054,                  1.281,                0.84859,                0.77947,                0.85058,                0.56457,                 1.2451,                0.96103,                 1.4202,               0.001321,               0.001321,               0.001321
                    266,                 1.0407,                0.90848,                 1.2704,                0.84883,                0.77978,                 0.8503,                0.56492,                 1.2457,                0.96065,                 1.4209,               0.001288,               0.001288,               0.001288
                    267,                 1.0398,                0.92397,                 1.2789,                0.84986,                0.78025,                0.85056,                0.56499,                 1.2467,                0.96109,                 1.4215,               0.001255,               0.001255,               0.001255
                    268,                 1.0405,                 0.9179,                 1.2753,                0.85024,                0.78013,                0.85092,                0.56456,                 1.2472,                 0.9605,                 1.4219,               0.001222,               0.001222,               0.001222
                    269,                  1.034,                0.90361,                 1.2653,                0.84356,                0.78244,                0.85095,                0.56453,                 1.2471,                0.96074,                 1.4219,               0.001189,               0.001189,               0.001189
                    270,                 1.0273,                0.91721,                  1.269,                0.84408,                0.78354,                0.85167,                0.56491,                 1.2465,                 0.9598,                 1.4214,               0.001156,               0.001156,               0.001156
                    271,                  1.034,                0.91735,                 1.2748,                0.84959,                0.77765,                0.85082,                0.56521,                 1.2465,                0.95875,                 1.4213,               0.001123,               0.001123,               0.001123
                    272,                 1.0364,                0.90763,                 1.2693,                0.85006,                0.77502,                 0.8509,                0.56637,                 1.2466,                0.95806,                 1.4217,                0.00109,                0.00109,                0.00109
                    273,                 1.0206,                0.89276,                 1.2618,                0.84366,                0.78296,                  0.851,                0.56667,                 1.2463,                0.95681,                 1.4211,               0.001057,               0.001057,               0.001057
                    274,                 1.0344,                0.90211,                 1.2709,                 0.8443,                0.78385,                 0.8513,                0.56624,                 1.2462,                0.95726,                  1.421,               0.001024,               0.001024,               0.001024
                    275,                 1.0376,                0.90801,                 1.2707,                0.84473,                0.78595,                0.85156,                0.56627,                 1.2458,                0.95698,                 1.4202,               0.000991,               0.000991,               0.000991
                    276,                 1.0224,                0.88903,                 1.2637,                0.84547,                0.78504,                 0.8514,                0.56738,                 1.2453,                0.95799,                 1.4195,               0.000958,               0.000958,               0.000958
                    277,                 1.0328,                0.89383,                 1.2671,                0.84545,                0.78553,                0.85149,                 0.5671,                 1.2454,                0.95706,                 1.4195,               0.000925,               0.000925,               0.000925
                    278,                 1.0208,                0.88321,                 1.2631,                0.83948,                0.78833,                0.85118,                0.56714,                  1.245,                0.95712,                 1.4193,               0.000892,               0.000892,               0.000892
                    279,                  1.031,                0.89923,                 1.2682,                0.83895,                0.79092,                0.85145,                0.56689,                 1.2454,                0.95739,                 1.4198,               0.000859,               0.000859,               0.000859
                    280,                 1.0273,                0.88805,                 1.2659,                0.83705,                0.79094,                 0.8512,                0.56729,                 1.2454,                0.95694,                 1.4199,               0.000826,               0.000826,               0.000826
                    281,                 1.0204,                0.88662,                 1.2544,                 0.8395,                0.79079,                0.85149,                0.56719,                 1.2449,                0.95721,                 1.4197,               0.000793,               0.000793,               0.000793
                    282,                 1.0213,                0.89531,                 1.2593,                0.84202,                0.79193,                0.85181,                0.56717,                 1.2451,                0.95678,                 1.4197,                0.00076,                0.00076,                0.00076
                    283,                  1.021,                0.89065,                 1.2646,                0.84272,                 0.7921,                0.85163,                0.56786,                 1.2451,                  0.956,                 1.4199,               0.000727,               0.000727,               0.000727
                    284,                 1.0206,                0.87917,                 1.2554,                0.84198,                  0.792,                0.85158,                0.56763,                 1.2453,                 0.9573,                 1.4201,               0.000694,               0.000694,               0.000694
                    285,                 1.0163,                0.88154,                 1.2582,                0.84184,                0.79104,                0.85176,                0.56802,                 1.2455,                0.95687,                 1.4203,               0.000661,               0.000661,               0.000661
                    286,                 1.0087,                0.87273,                 1.2518,                0.84087,                0.79212,                0.85167,                0.56713,                 1.2452,                0.95723,                   1.42,               0.000628,               0.000628,               0.000628
                    287,                 1.0125,                0.88807,                 1.2556,                0.84201,                0.79187,                0.85141,                 0.5677,                 1.2449,                0.95735,                   1.42,               0.000595,               0.000595,               0.000595
                    288,                 1.0183,                0.87337,                 1.2588,                0.84378,                0.79187,                0.85195,                0.56708,                 1.2452,                0.95754,                 1.4203,               0.000562,               0.000562,               0.000562
                    289,                 1.0123,                0.87712,                 1.2616,                0.84284,                0.79187,                0.85197,                0.56699,                 1.2447,                0.95707,                 1.4198,               0.000529,               0.000529,               0.000529
                    290,                 1.0098,                0.87995,                 1.2564,                0.84582,                0.78946,                0.85214,                0.56695,                 1.2451,                 0.9567,                 1.4202,               0.000496,               0.000496,               0.000496
                    291,                0.97209,                 0.7263,                 1.2398,                0.85768,                0.77441,                0.85201,                0.56742,                 1.2453,                0.95589,                 1.4203,               0.000463,               0.000463,               0.000463
                    292,                0.94657,                0.68989,                 1.2145,                0.85819,                 0.7756,                0.85213,                0.56775,                 1.2449,                0.95534,                   1.42,                0.00043,                0.00043,                0.00043
                    293,                0.94507,                0.68741,                 1.2206,                0.85901,                 0.7757,                0.85356,                0.56736,                 1.2448,                0.95484,                 1.4204,               0.000397,               0.000397,               0.000397
                    294,                0.94103,                0.68428,                 1.2125,                0.85941,                0.77539,                0.85371,                0.56741,                 1.2445,                0.95516,                 1.4202,               0.000364,               0.000364,               0.000364
                    295,                0.93106,                0.67319,                 1.2106,                0.85902,                  0.776,                0.85409,                0.56775,                 1.2439,                0.95417,                   1.42,               0.000331,               0.000331,               0.000331
                    296,                0.92673,                0.65823,                  1.211,                0.86059,                0.77578,                0.85417,                0.56762,                 1.2436,                0.95472,                 1.4198,               0.000298,               0.000298,               0.000298
                    297,                0.92337,                0.66355,                 1.2037,                0.86131,                0.77522,                0.85417,                0.56816,                 1.2435,                 0.9543,                 1.4199,               0.000265,               0.000265,               0.000265
                    298,                0.92132,                0.65556,                 1.2037,                0.86263,                0.77497,                 0.8544,                0.56867,                 1.2434,                0.95427,                 1.4201,               0.000232,               0.000232,               0.000232
                    299,                0.92091,                0.65285,                 1.2074,                0.86653,                0.77431,                0.85416,                0.56833,                 1.2433,                0.95391,                 1.4199,               0.000199,               0.000199,               0.000199
                    300,                0.91546,                0.64755,                 1.1975,                 0.8651,                 0.7749,                0.85433,                0.56854,                 1.2431,                0.95332,                 1.4199,               0.000166,               0.000166,               0.000166
