                  epoch,         train/box_loss,         train/cls_loss,         train/dfl_loss,   metrics/precision(B),      metrics/recall(B),       metrics/mAP50(B),    metrics/mAP50-95(B),           val/box_loss,           val/cls_loss,           val/dfl_loss,                 lr/pg0,                 lr/pg1,                 lr/pg2
                      1,                 4.1391,                 4.9559,                 4.1843,                0.00074,                 0.1691,                0.00092,                0.00029,                 4.2703,                 4.5791,                 4.1444,              0.0033181,              0.0033181,              0.0033181
                      2,                 3.9378,                 4.6131,                  3.973,                0.00093,                 0.1714,                 0.0013,                0.00039,                 3.9526,                 3.9621,                 3.8111,              0.0066295,              0.0066295,              0.0066295
                      3,                 3.2723,                 4.1418,                 3.3945,                0.63844,                0.02205,                0.00908,                0.00231,                 3.3079,                 3.9221,                 3.2951,              0.0099189,              0.0099189,              0.0099189
                      4,                 2.9469,                 3.8956,                 3.0193,                 0.0034,                 0.0372,                0.00382,                0.00095,                 3.6293,                 5.1177,                  3.697,               0.009901,               0.009901,               0.009901
                      5,                 2.7081,                 3.6732,                   2.81,                0.62205,                0.03522,                0.01751,                0.00577,                 2.9529,                 3.9564,                 2.8964,               0.009901,               0.009901,               0.009901
                      6,                 2.5146,                 3.4089,                 2.6404,                0.29488,                0.06394,                0.04173,                0.01008,                 2.6883,                 3.5181,                 2.7073,               0.009868,               0.009868,               0.009868
                      7,                 2.3162,                 3.1153,                 2.4892,                0.30456,                0.11143,                0.05818,                0.02048,                 2.6929,                 3.4762,                 2.6983,               0.009835,               0.009835,               0.009835
                      8,                 2.1899,                 2.9168,                 2.3641,                0.37226,                0.13407,                0.08871,                0.03267,                 2.4047,                 3.1787,                 2.4854,               0.009802,               0.009802,               0.009802
                      9,                 2.0869,                 2.7669,                 2.2866,                0.21094,                0.25923,                0.13604,                0.05289,                 2.2428,                 2.8983,                 2.3305,               0.009769,               0.009769,               0.009769
                     10,                 2.0155,                 2.6723,                 2.2054,                0.24352,                0.20556,                0.11776,                0.04328,                 2.1582,                 2.7485,                 2.3018,               0.009736,               0.009736,               0.009736
                     11,                 1.9582,                  2.563,                 2.1544,                0.32032,                0.30945,                0.24843,                0.10845,                 2.0129,                 2.5554,                 2.1883,               0.009703,               0.009703,               0.009703
                     12,                 1.9067,                 2.5188,                 2.1212,                0.34458,                0.32475,                0.26729,                0.12123,                 2.0147,                 2.3205,                 2.1305,                0.00967,                0.00967,                0.00967
                     13,                 1.8819,                 2.4443,                 2.0775,                0.34073,                0.34215,                0.29263,                0.12839,                 1.9534,                 2.2862,                 2.0934,               0.009637,               0.009637,               0.009637
                     14,                 1.8448,                 2.3798,                 2.0496,                0.41353,                0.30546,                0.26346,                0.12085,                 1.9632,                 2.4487,                 2.0995,               0.009604,               0.009604,               0.009604
                     15,                 1.8213,                 2.3417,                 2.0244,                0.38573,                0.30422,                0.27808,                0.13401,                 1.9814,                 2.3691,                 2.1225,               0.009571,               0.009571,               0.009571
                     16,                 1.7992,                 2.3082,                 2.0079,                0.39552,                0.33073,                0.29412,                0.13621,                  1.968,                 2.2862,                 2.1179,               0.009538,               0.009538,               0.009538
                     17,                 1.7801,                 2.2505,                 1.9847,                0.40879,                 0.4006,                 0.3303,                0.15933,                 1.9509,                 2.5326,                 2.0656,               0.009505,               0.009505,               0.009505
                     18,                  1.748,                 2.2053,                 1.9551,                0.46436,                0.37198,                0.34468,                0.16951,                 1.8716,                 2.2234,                 2.0139,               0.009472,               0.009472,               0.009472
                     19,                  1.722,                 2.1877,                 1.9387,                 0.4269,                0.37382,                0.33024,                0.15225,                 1.8399,                 2.2396,                 1.9896,               0.009439,               0.009439,               0.009439
                     20,                 1.7408,                  2.176,                 1.9355,                0.46969,                 0.3842,                0.36847,                 0.1766,                 1.8643,                 2.2489,                 2.0285,               0.009406,               0.009406,               0.009406
                     21,                 1.7108,                  2.132,                 1.9048,                0.39862,                0.37579,                0.35165,                0.17655,                 1.8512,                 2.1601,                 2.0107,               0.009373,               0.009373,               0.009373
                     22,                 1.6937,                 2.0976,                 1.8981,                0.49544,                0.42727,                0.42859,                 0.2246,                 1.7744,                 1.9794,                 1.9425,                0.00934,                0.00934,                0.00934
                     23,                 1.6854,                 2.0919,                   1.89,                 0.5133,                 0.4322,                0.44809,                0.23333,                 1.7468,                 1.9769,                 1.9355,               0.009307,               0.009307,               0.009307
                     24,                 1.6607,                 2.0419,                  1.863,                0.40481,                0.33288,                0.30813,                0.14126,                 1.8691,                 2.3533,                 2.0375,               0.009274,               0.009274,               0.009274
                     25,                  1.658,                 2.0346,                 1.8516,                0.41806,                0.40711,                0.36041,                0.18469,                 1.8021,                 2.1949,                 1.9919,               0.009241,               0.009241,               0.009241
                     26,                 1.6452,                 1.9851,                 1.8435,                0.50332,                0.48771,                0.49957,                0.26969,                 1.6465,                 1.8217,                 1.8508,               0.009208,               0.009208,               0.009208
                     27,                 1.6341,                 1.9984,                 1.8285,                0.59653,                 0.4689,                0.52427,                0.27263,                 1.6952,                 1.7876,                 1.8705,               0.009175,               0.009175,               0.009175
                     28,                 1.6208,                 1.9566,                  1.823,                0.60001,                0.47441,                0.51843,                0.27626,                 1.6838,                 1.8595,                 1.8518,               0.009142,               0.009142,               0.009142
                     29,                 1.6227,                 1.9477,                  1.825,                0.53107,                0.49372,                 0.4923,                0.26852,                 1.6581,                 1.8521,                 1.8291,               0.009109,               0.009109,               0.009109
                     30,                 1.6006,                 1.9269,                 1.7989,                0.54137,                0.47534,                0.48649,                0.25945,                 1.6792,                  1.865,                 1.8486,               0.009076,               0.009076,               0.009076
                     31,                 1.6072,                 1.9358,                 1.8041,                0.57143,                0.52419,                0.53118,                0.28242,                  1.626,                 1.7573,                 1.8013,               0.009043,               0.009043,               0.009043
                     32,                 1.5789,                 1.9037,                 1.7785,                0.62201,                0.47604,                0.50533,                0.27681,                 1.6608,                 1.8185,                 1.8556,                0.00901,                0.00901,                0.00901
                     33,                 1.5709,                 1.8679,                 1.7791,                0.56238,                0.50626,                0.52574,                0.26982,                 1.6406,                 1.7843,                 1.8291,               0.008977,               0.008977,               0.008977
                     34,                 1.5686,                 1.8622,                 1.7739,                0.48236,                0.47406,                0.43928,                0.23779,                 1.7063,                 2.1616,                 1.8874,               0.008944,               0.008944,               0.008944
                     35,                 1.5775,                 1.8479,                 1.7743,                0.56555,                0.49571,                0.51029,                0.27342,                 1.6331,                  1.856,                 1.8134,               0.008911,               0.008911,               0.008911
                     36,                 1.5518,                 1.8256,                 1.7568,                0.60108,                0.53072,                 0.5527,                0.31204,                 1.5643,                 1.7193,                 1.7607,               0.008878,               0.008878,               0.008878
                     37,                 1.5443,                 1.8185,                 1.7465,                0.57264,                0.51863,                0.53665,                0.30379,                 1.5678,                 1.7022,                 1.7667,               0.008845,               0.008845,               0.008845
                     38,                 1.5427,                 1.8042,                 1.7374,                0.61845,                 0.5141,                0.55558,                0.29529,                 1.5754,                 1.7488,                 1.7648,               0.008812,               0.008812,               0.008812
                     39,                 1.5269,                 1.7919,                 1.7327,                0.51627,                0.49695,                0.48273,                0.26089,                 1.6649,                 2.1129,                 1.8471,               0.008779,               0.008779,               0.008779
                     40,                 1.5228,                  1.759,                 1.7246,                 0.6517,                0.56263,                0.59714,                0.33013,                 1.5325,                 1.6545,                 1.7264,               0.008746,               0.008746,               0.008746
                     41,                  1.532,                 1.7459,                 1.7249,                0.58939,                0.53639,                0.57205,                0.31948,                 1.5321,                 1.6626,                 1.7363,               0.008713,               0.008713,               0.008713
                     42,                  1.515,                 1.7583,                 1.7155,                0.64755,                0.55365,                0.60164,                0.33805,                 1.5449,                 1.6139,                 1.7393,                0.00868,                0.00868,                0.00868
                     43,                 1.5173,                 1.7443,                 1.7087,                 0.6602,                0.59432,                0.63342,                0.34012,                 1.5205,                 1.5937,                 1.7015,               0.008647,               0.008647,               0.008647
                     44,                 1.4987,                 1.7281,                 1.7021,                0.63864,                0.53426,                0.59123,                0.33078,                 1.5775,                 1.6422,                 1.7397,               0.008614,               0.008614,               0.008614
                     45,                 1.5011,                 1.7227,                 1.6999,                0.68195,                0.54558,                0.60859,                 0.3457,                  1.537,                 1.5967,                 1.7223,               0.008581,               0.008581,               0.008581
                     46,                 1.4917,                 1.7109,                 1.6921,                0.68386,                0.58966,                0.63199,                0.36565,                 1.5054,                 1.5184,                 1.6985,               0.008548,               0.008548,               0.008548
                     47,                  1.489,                 1.7106,                 1.6906,                0.67045,                0.58869,                0.62574,                 0.3687,                 1.4695,                 1.5261,                  1.686,               0.008515,               0.008515,               0.008515
                     48,                 1.4876,                  1.685,                 1.6865,                0.59384,                0.59802,                 0.6035,                0.35395,                 1.5166,                 1.5853,                 1.7126,               0.008482,               0.008482,               0.008482
                     49,                 1.4913,                 1.7048,                 1.6845,                0.68961,                0.56812,                0.63694,                0.36795,                 1.4979,                 1.5257,                 1.6877,               0.008449,               0.008449,               0.008449
                     50,                 1.4722,                 1.6598,                 1.6788,                0.63813,                0.54874,                 0.5934,                0.34002,                 1.5146,                 1.6413,                 1.7034,               0.008416,               0.008416,               0.008416
                     51,                 1.4686,                   1.67,                 1.6688,                0.68501,                 0.5934,                0.65124,                0.37982,                  1.471,                 1.4884,                 1.6672,               0.008383,               0.008383,               0.008383
                     52,                 1.4776,                 1.6503,                 1.6665,                0.67363,                0.60528,                 0.6517,                0.38437,                 1.4474,                 1.4908,                 1.6522,                0.00835,                0.00835,                0.00835
                     53,                 1.4687,                 1.6263,                 1.6618,                0.67822,                0.62164,                0.65752,                0.39099,                 1.4761,                 1.4806,                 1.6713,               0.008317,               0.008317,               0.008317
                     54,                 1.4492,                 1.6227,                 1.6473,                0.69918,                0.61777,                0.67334,                0.39591,                 1.4381,                 1.4524,                 1.6364,               0.008284,               0.008284,               0.008284
                     55,                 1.4538,                 1.6245,                 1.6433,                0.72524,                0.60077,                0.67782,                0.40732,                 1.4568,                 1.4545,                 1.6511,               0.008251,               0.008251,               0.008251
                     56,                 1.4527,                 1.6225,                 1.6481,                0.68321,                0.61809,                0.66877,                0.39493,                 1.4223,                 1.4552,                 1.6168,               0.008218,               0.008218,               0.008218
                     57,                 1.4386,                 1.6021,                 1.6403,                0.66151,                0.61123,                0.66456,                0.39929,                  1.431,                 1.4533,                 1.6315,               0.008185,               0.008185,               0.008185
                     58,                 1.4402,                 1.5908,                 1.6313,                0.74072,                0.62812,                0.70007,                 0.4199,                 1.4253,                 1.4022,                 1.6251,               0.008152,               0.008152,               0.008152
                     59,                 1.4303,                 1.5831,                 1.6279,                0.70264,                0.63462,                 0.6873,                0.41858,                 1.4228,                 1.4159,                 1.6182,               0.008119,               0.008119,               0.008119
                     60,                 1.4344,                 1.5819,                 1.6311,                0.73386,                0.60029,                0.68883,                0.41955,                 1.4245,                 1.4035,                 1.6255,               0.008086,               0.008086,               0.008086
                     61,                 1.4348,                 1.5821,                 1.6319,                0.71365,                0.62719,                0.69103,                0.40562,                 1.4303,                  1.404,                 1.6253,               0.008053,               0.008053,               0.008053
                     62,                 1.4245,                 1.5852,                  1.623,                0.73686,                 0.6648,                0.70439,                0.43138,                 1.4017,                 1.3756,                 1.6034,                0.00802,                0.00802,                0.00802
                     63,                 1.4217,                 1.5904,                 1.6202,                0.66185,                0.62388,                0.67823,                0.39981,                  1.423,                 1.4057,                 1.6149,               0.007987,               0.007987,               0.007987
                     64,                 1.4117,                 1.5695,                 1.6161,                0.69606,                0.64451,                0.70477,                0.41556,                 1.4218,                 1.3814,                 1.6167,               0.007954,               0.007954,               0.007954
                     65,                 1.4143,                 1.5563,                 1.6087,                0.70862,                0.62713,                 0.7016,                0.42032,                 1.4046,                 1.3914,                 1.6029,               0.007921,               0.007921,               0.007921
                     66,                 1.3969,                 1.5285,                 1.5935,                0.72547,                0.62589,                0.70571,                0.42696,                 1.3825,                 1.3628,                 1.5833,               0.007888,               0.007888,               0.007888
                     67,                 1.4096,                 1.5421,                 1.6092,                0.71558,                0.66979,                0.71803,                0.44441,                 1.3832,                  1.336,                 1.5921,               0.007855,               0.007855,               0.007855
                     68,                 1.4022,                 1.5151,                 1.5968,                0.73246,                0.66821,                 0.7294,                0.44305,                  1.392,                 1.3147,                 1.5885,               0.007822,               0.007822,               0.007822
                     69,                 1.4009,                 1.4989,                 1.5993,                0.74969,                0.64472,                0.71121,                0.43272,                 1.3926,                 1.3643,                 1.6022,               0.007789,               0.007789,               0.007789
                     70,                 1.3915,                 1.5145,                 1.5935,                0.74372,                0.67942,                0.73398,                0.45231,                 1.3829,                 1.3159,                 1.5779,               0.007756,               0.007756,               0.007756
                     71,                 1.3893,                 1.4956,                 1.5943,                0.76457,                0.66069,                0.72878,                0.44564,                 1.3934,                 1.3214,                 1.5884,               0.007723,               0.007723,               0.007723
                     72,                 1.3957,                 1.5011,                  1.585,                0.71363,                0.70574,                0.73385,                0.44589,                 1.3996,                 1.3268,                 1.5874,                0.00769,                0.00769,                0.00769
                     73,                 1.3822,                  1.506,                 1.5849,                0.73315,                0.68479,                0.72999,                0.44429,                  1.364,                 1.2903,                 1.5727,               0.007657,               0.007657,               0.007657
                     74,                 1.3798,                 1.4986,                 1.5774,                0.71591,                0.67074,                0.72699,                0.44726,                 1.3824,                 1.3194,                 1.5937,               0.007624,               0.007624,               0.007624
                     75,                 1.3696,                 1.4734,                 1.5704,                0.78579,                0.64361,                0.73683,                0.45345,                  1.357,                 1.2971,                 1.5639,               0.007591,               0.007591,               0.007591
                     76,                 1.3789,                 1.4722,                 1.5761,                0.74111,                0.64996,                0.72304,                 0.4392,                 1.3881,                 1.3307,                 1.5784,               0.007558,               0.007558,               0.007558
                     77,                 1.3731,                 1.4932,                 1.5795,                0.72637,                 0.6825,                0.73632,                0.45214,                 1.3609,                 1.2684,                 1.5632,               0.007525,               0.007525,               0.007525
                     78,                 1.3706,                 1.4731,                 1.5704,                0.78884,                0.65183,                0.75193,                0.44745,                 1.3909,                 1.2969,                 1.5831,               0.007492,               0.007492,               0.007492
                     79,                 1.3675,                 1.4817,                 1.5698,                0.76027,                0.65139,                 0.7333,                0.44604,                 1.3527,                 1.2797,                 1.5561,               0.007459,               0.007459,               0.007459
                     80,                  1.369,                 1.4644,                 1.5681,                0.75248,                0.68314,                0.73874,                0.44822,                 1.3671,                 1.3068,                 1.5635,               0.007426,               0.007426,               0.007426
                     81,                 1.3631,                 1.4447,                 1.5664,                0.75824,                0.67125,                 0.7534,                0.45193,                 1.3708,                 1.2833,                 1.5746,               0.007393,               0.007393,               0.007393
                     82,                 1.3552,                 1.4556,                 1.5564,                0.76665,                0.67326,                0.75053,                0.46504,                  1.357,                  1.263,                 1.5579,                0.00736,                0.00736,                0.00736
                     83,                 1.3487,                 1.4502,                 1.5567,                0.74776,                 0.6847,                 0.7496,                0.46381,                   1.35,                  1.278,                 1.5587,               0.007327,               0.007327,               0.007327
                     84,                 1.3504,                 1.4627,                 1.5543,                0.77708,                0.70048,                0.75872,                0.46793,                 1.3438,                 1.2549,                 1.5513,               0.007294,               0.007294,               0.007294
                     85,                 1.3586,                 1.4475,                 1.5544,                0.80336,                0.69999,                0.77487,                0.48411,                 1.3417,                 1.2251,                 1.5444,               0.007261,               0.007261,               0.007261
                     86,                 1.3482,                 1.4199,                 1.5428,                0.74552,                 0.6982,                0.75493,                0.46271,                  1.347,                 1.2575,                 1.5367,               0.007228,               0.007228,               0.007228
                     87,                 1.3567,                 1.4416,                 1.5554,                0.76115,                0.70871,                0.76818,                0.48164,                 1.3263,                 1.2317,                 1.5306,               0.007195,               0.007195,               0.007195
                     88,                 1.3432,                 1.4119,                 1.5491,                0.79946,                0.69239,                 0.7734,                0.47692,                 1.3412,                 1.2194,                  1.542,               0.007162,               0.007162,               0.007162
                     89,                 1.3374,                 1.4402,                 1.5442,                0.77154,                0.70495,                0.77168,                0.47003,                 1.3376,                 1.2374,                 1.5384,               0.007129,               0.007129,               0.007129
                     90,                 1.3418,                 1.4216,                 1.5503,                0.79053,                0.69704,                0.77404,                0.48903,                 1.3203,                 1.2088,                 1.5278,               0.007096,               0.007096,               0.007096
                     91,                  1.325,                 1.3919,                 1.5308,                0.78695,                 0.7123,                0.77375,                0.48803,                 1.3095,                 1.1881,                 1.5172,               0.007063,               0.007063,               0.007063
                     92,                 1.3274,                 1.4013,                  1.536,                0.80262,                0.67521,                0.76984,                0.47887,                 1.3218,                 1.2078,                 1.5143,                0.00703,                0.00703,                0.00703
                     93,                 1.3235,                 1.3903,                 1.5268,                0.79047,                0.67089,                0.76246,                0.47366,                 1.3191,                 1.2102,                 1.5236,               0.006997,               0.006997,               0.006997
                     94,                 1.3289,                 1.3979,                 1.5385,                 0.7834,                0.68931,                0.76793,                 0.4767,                  1.324,                 1.1967,                 1.5259,               0.006964,               0.006964,               0.006964
                     95,                 1.3346,                 1.3985,                 1.5367,                 0.7691,                  0.707,                0.77169,                0.48461,                 1.3188,                 1.1909,                 1.5143,               0.006931,               0.006931,               0.006931
                     96,                 1.3216,                 1.3976,                  1.531,                0.78017,                0.70126,                0.77858,                0.48647,                 1.3202,                 1.1945,                 1.5242,               0.006898,               0.006898,               0.006898
                     97,                 1.3132,                 1.3694,                 1.5206,                0.78995,                0.68384,                0.77537,                 0.4874,                 1.3227,                 1.1782,                 1.5235,               0.006865,               0.006865,               0.006865
                     98,                 1.3168,                 1.3701,                 1.5282,                0.77781,                0.69875,                0.78417,                0.49023,                 1.3142,                 1.1889,                 1.5078,               0.006832,               0.006832,               0.006832
                     99,                 1.3219,                  1.392,                 1.5243,                0.82782,                0.67469,                0.78696,                0.49363,                 1.3238,                  1.181,                 1.5139,               0.006799,               0.006799,               0.006799
                    100,                 1.3143,                 1.3689,                   1.52,                0.81513,                 0.7236,                 0.8012,                 0.5027,                 1.3036,                 1.1631,                 1.5108,               0.006766,               0.006766,               0.006766
                    101,                 1.3204,                 1.3623,                 1.5208,                0.77908,                0.71488,                0.78766,                0.50102,                 1.3162,                 1.1737,                  1.512,               0.006733,               0.006733,               0.006733
                    102,                  1.315,                  1.363,                 1.5139,                0.80791,                0.71196,                0.79536,                0.49838,                 1.3104,                 1.1661,                 1.5152,                 0.0067,                 0.0067,                 0.0067
                    103,                 1.3052,                 1.3578,                 1.5094,                0.81783,                 0.7067,                0.79957,                0.50905,                 1.2885,                 1.1448,                 1.4897,               0.006667,               0.006667,               0.006667
                    104,                 1.3115,                 1.3511,                 1.5137,                 0.7926,                0.71977,                0.79565,                0.50053,                 1.3016,                 1.1646,                 1.4966,               0.006634,               0.006634,               0.006634
                    105,                 1.3116,                 1.3421,                 1.5094,                0.77289,                0.72475,                 0.8014,                0.50186,                   1.29,                 1.1572,                 1.4849,               0.006601,               0.006601,               0.006601
                    106,                 1.2946,                 1.3252,                 1.4952,                0.78225,                0.73286,                 0.8048,                 0.5067,                 1.2911,                 1.1445,                 1.4919,               0.006568,               0.006568,               0.006568
                    107,                  1.299,                 1.3377,                 1.4988,                0.77988,                0.74453,                0.80675,                0.51068,                 1.2872,                 1.1507,                 1.4844,               0.006535,               0.006535,               0.006535
                    108,                 1.3001,                 1.3374,                 1.5111,                0.81951,                0.71513,                0.80549,                0.50465,                 1.2895,                 1.1469,                 1.4908,               0.006502,               0.006502,               0.006502
                    109,                 1.2935,                 1.3329,                 1.5124,                0.80978,                 0.7113,                0.79715,                0.50624,                 1.3012,                 1.1465,                 1.4901,               0.006469,               0.006469,               0.006469
                    110,                 1.3069,                 1.3348,                 1.5051,                0.81753,                0.72465,                0.81218,                0.51738,                 1.2787,                 1.1232,                 1.4755,               0.006436,               0.006436,               0.006436
                    111,                 1.2929,                 1.3228,                 1.4929,                 0.8212,                0.70606,                  0.799,                0.51308,                 1.2891,                 1.1234,                 1.4815,               0.006403,               0.006403,               0.006403
                    112,                 1.2872,                 1.3122,                 1.5005,                 0.8087,                 0.7199,                0.80623,                0.52025,                 1.2819,                 1.1324,                 1.4823,                0.00637,                0.00637,                0.00637
                    113,                 1.2893,                 1.3213,                  1.497,                0.81931,                0.72224,                 0.8065,                0.51428,                 1.2708,                 1.1228,                 1.4772,               0.006337,               0.006337,               0.006337
                    114,                 1.2835,                 1.3188,                 1.4966,                0.78304,                0.73496,                0.80498,                0.51763,                 1.2736,                 1.1202,                 1.4749,               0.006304,               0.006304,               0.006304
                    115,                 1.2779,                 1.2785,                 1.4768,                0.80707,                 0.7503,                0.80949,                 0.5196,                 1.2758,                 1.1098,                 1.4749,               0.006271,               0.006271,               0.006271
                    116,                 1.2857,                 1.3006,                  1.488,                0.81551,                0.73186,                0.81771,                0.51848,                  1.277,                 1.1227,                 1.4737,               0.006238,               0.006238,               0.006238
                    117,                 1.2673,                 1.2856,                 1.4727,                0.80802,                0.73518,                0.80698,                0.51682,                 1.2781,                 1.1073,                 1.4795,               0.006205,               0.006205,               0.006205
                    118,                 1.2778,                 1.2952,                 1.4868,                0.79931,                0.74916,                0.80518,                0.51843,                 1.2845,                 1.1132,                  1.477,               0.006172,               0.006172,               0.006172
                    119,                  1.287,                 1.2986,                 1.4861,                0.82167,                0.73783,                0.81026,                0.52061,                 1.2748,                 1.1108,                 1.4709,               0.006139,               0.006139,               0.006139
                    120,                 1.2689,                 1.3002,                 1.4809,                0.81065,                0.74388,                 0.8166,                0.52426,                 1.2728,                 1.1097,                  1.474,               0.006106,               0.006106,               0.006106
                    121,                 1.2736,                 1.2943,                 1.4778,                0.81903,                0.73048,                0.81531,                0.52586,                 1.2695,                 1.0868,                 1.4755,               0.006073,               0.006073,               0.006073
                    122,                  1.268,                 1.2822,                 1.4707,                0.79108,                0.74364,                0.81685,                 0.5238,                 1.2683,                 1.0966,                 1.4621,                0.00604,                0.00604,                0.00604
                    123,                 1.2627,                 1.2667,                 1.4692,                 0.8125,                0.74004,                0.81139,                0.52018,                 1.2821,                 1.0965,                 1.4688,               0.006007,               0.006007,               0.006007
                    124,                 1.2544,                 1.2584,                 1.4688,                0.79718,                0.74358,                0.81071,                0.52348,                  1.276,                 1.1011,                 1.4738,               0.005974,               0.005974,               0.005974
                    125,                 1.2755,                 1.2634,                 1.4754,                0.82507,                0.72344,                0.81742,                0.52187,                 1.2627,                 1.0855,                 1.4622,               0.005941,               0.005941,               0.005941
                    126,                  1.251,                 1.2635,                  1.459,                0.82336,                 0.7329,                0.81938,                 0.5257,                 1.2707,                 1.0835,                 1.4649,               0.005908,               0.005908,               0.005908
                    127,                 1.2642,                 1.2572,                 1.4648,                0.79843,                 0.7614,                0.81882,                0.52852,                 1.2745,                 1.0803,                 1.4651,               0.005875,               0.005875,               0.005875
                    128,                 1.2544,                 1.2592,                 1.4603,                0.81226,                0.74834,                0.81695,                0.52368,                 1.2545,                 1.0753,                 1.4506,               0.005842,               0.005842,               0.005842
                    129,                  1.256,                 1.2564,                 1.4621,                0.80624,                0.76885,                0.82684,                0.53019,                 1.2629,                 1.0759,                 1.4563,               0.005809,               0.005809,               0.005809
                    130,                 1.2383,                 1.2438,                 1.4502,                0.80027,                0.75456,                0.82602,                0.53008,                  1.265,                 1.0731,                 1.4595,               0.005776,               0.005776,               0.005776
                    131,                 1.2529,                 1.2499,                 1.4583,                0.82354,                0.75539,                0.83124,                0.53427,                 1.2659,                 1.0662,                 1.4624,               0.005743,               0.005743,               0.005743
                    132,                 1.2589,                 1.2459,                 1.4591,                0.82912,                0.74399,                0.83545,                0.53983,                 1.2568,                 1.0522,                 1.4517,                0.00571,                0.00571,                0.00571
                    133,                 1.2346,                 1.2361,                 1.4409,                0.80142,                0.76694,                0.83111,                0.53614,                 1.2592,                 1.0621,                 1.4525,               0.005677,               0.005677,               0.005677
                    134,                 1.2491,                 1.2335,                 1.4472,                0.83531,                0.74992,                0.83617,                0.54019,                 1.2635,                 1.0561,                  1.455,               0.005644,               0.005644,               0.005644
                    135,                 1.2547,                 1.2351,                 1.4488,                0.84156,                0.75727,                0.83801,                0.54336,                 1.2554,                 1.0659,                 1.4475,               0.005611,               0.005611,               0.005611
                    136,                 1.2502,                 1.2391,                 1.4522,                0.83488,                0.74585,                0.83377,                0.53826,                 1.2546,                 1.0451,                 1.4491,               0.005578,               0.005578,               0.005578
                    137,                 1.2577,                 1.2486,                 1.4577,                0.81988,                0.76029,                0.82908,                0.53412,                 1.2635,                 1.0499,                 1.4552,               0.005545,               0.005545,               0.005545
                    138,                 1.2405,                 1.2325,                  1.444,                0.82345,                0.74523,                0.82673,                0.53897,                 1.2632,                 1.0529,                 1.4542,               0.005512,               0.005512,               0.005512
                    139,                 1.2338,                 1.2257,                  1.441,                 0.8263,                0.73413,                 0.8244,                0.53393,                 1.2559,                 1.0582,                 1.4541,               0.005479,               0.005479,               0.005479
                    140,                 1.2377,                 1.2107,                 1.4404,                0.82009,                0.75161,                0.82918,                  0.535,                 1.2554,                  1.049,                 1.4497,               0.005446,               0.005446,               0.005446
                    141,                 1.2308,                 1.2126,                 1.4416,                 0.8175,                0.75696,                0.82787,                0.53607,                 1.2582,                 1.0491,                 1.4509,               0.005413,               0.005413,               0.005413
                    142,                 1.2378,                  1.219,                 1.4478,                0.80233,                0.77379,                0.83647,                0.54543,                 1.2499,                 1.0399,                 1.4415,                0.00538,                0.00538,                0.00538
                    143,                 1.2356,                  1.219,                 1.4411,                 0.7989,                0.77038,                0.83861,                0.53894,                 1.2543,                 1.0483,                 1.4412,               0.005347,               0.005347,               0.005347
                    144,                  1.216,                 1.1933,                 1.4267,                0.80944,                0.76207,                0.83851,                0.54408,                 1.2532,                 1.0455,                 1.4365,               0.005314,               0.005314,               0.005314
                    145,                  1.217,                 1.2088,                 1.4372,                0.84078,                0.75381,                0.83886,                0.54478,                 1.2534,                 1.0417,                  1.441,               0.005281,               0.005281,               0.005281
                    146,                 1.2218,                 1.1985,                 1.4366,                0.83057,                0.74779,                0.84044,                0.54112,                 1.2528,                 1.0454,                 1.4421,               0.005248,               0.005248,               0.005248
                    147,                 1.2187,                 1.1881,                 1.4302,                0.82688,                0.74878,                0.83922,                0.53867,                 1.2501,                 1.0451,                 1.4398,               0.005215,               0.005215,               0.005215
                    148,                 1.2189,                 1.2045,                 1.4334,                0.83318,                0.75629,                0.84145,                0.54166,                   1.25,                 1.0284,                 1.4467,               0.005182,               0.005182,               0.005182
                    149,                  1.219,                 1.1907,                 1.4266,                0.84191,                0.75544,                0.84474,                0.54392,                 1.2482,                   1.02,                 1.4426,               0.005149,               0.005149,               0.005149
                    150,                 1.2122,                 1.1768,                 1.4217,                 0.8124,                0.77692,                0.84446,                0.54663,                 1.2499,                 1.0207,                 1.4407,               0.005116,               0.005116,               0.005116
                    151,                 1.2187,                 1.1913,                 1.4251,                0.79666,                0.79221,                0.84415,                0.55213,                 1.2442,                 1.0171,                 1.4363,               0.005083,               0.005083,               0.005083
                    152,                 1.2048,                 1.1695,                  1.416,                0.81102,                0.78192,                0.84354,                0.54904,                  1.254,                 1.0341,                 1.4385,                0.00505,                0.00505,                0.00505
                    153,                 1.2141,                 1.1871,                 1.4227,                0.82006,                0.76915,                0.84356,                0.54782,                 1.2535,                 1.0336,                  1.439,               0.005017,               0.005017,               0.005017
                    154,                 1.2164,                 1.1781,                 1.4234,                0.80905,                0.77516,                0.83854,                0.54359,                 1.2533,                 1.0297,                 1.4367,               0.004984,               0.004984,               0.004984
                    155,                 1.1985,                 1.1724,                   1.41,                 0.8349,                0.75748,                0.84424,                0.54978,                  1.249,                 1.0235,                 1.4358,               0.004951,               0.004951,               0.004951
                    156,                 1.2118,                 1.1675,                 1.4199,                 0.8333,                0.74943,                0.84311,                0.54882,                 1.2538,                 1.0275,                 1.4386,               0.004918,               0.004918,               0.004918
                    157,                 1.2088,                 1.1677,                 1.4175,                0.80842,                0.77346,                0.84617,                0.55179,                 1.2581,                 1.0262,                 1.4447,               0.004885,               0.004885,               0.004885
                    158,                  1.209,                 1.1709,                 1.4167,                0.80067,                0.77957,                0.83842,                0.54699,                 1.2572,                 1.0193,                 1.4423,               0.004852,               0.004852,               0.004852
                    159,                 1.2108,                 1.1759,                 1.4158,                0.83031,                 0.7681,                0.84192,                0.54603,                 1.2618,                 1.0158,                 1.4449,               0.004819,               0.004819,               0.004819
                    160,                  1.201,                 1.1456,                  1.412,                0.81454,                0.77465,                0.84144,                0.54323,                 1.2591,                 1.0176,                 1.4419,               0.004786,               0.004786,               0.004786
                    161,                 1.2094,                 1.1752,                 1.4132,                0.82949,                0.76966,                0.84327,                0.54675,                 1.2564,                 1.0123,                  1.445,               0.004753,               0.004753,               0.004753
                    162,                 1.1984,                 1.1615,                 1.4026,                0.83855,                 0.7596,                0.84044,                0.54867,                 1.2492,                 1.0111,                 1.4388,                0.00472,                0.00472,                0.00472
                    163,                    1.2,                 1.1395,                 1.4073,                 0.8338,                0.76094,                 0.8432,                 0.5487,                 1.2514,                 1.0063,                 1.4398,               0.004687,               0.004687,               0.004687
                    164,                 1.1986,                 1.1468,                 1.4153,                 0.8387,                 0.7685,                0.84402,                0.55085,                 1.2518,                 1.0021,                 1.4383,               0.004654,               0.004654,               0.004654
                    165,                 1.1943,                 1.1517,                 1.4071,                0.84287,                0.76661,                0.84396,                0.54887,                 1.2585,                0.99773,                 1.4395,               0.004621,               0.004621,               0.004621
                    166,                 1.1918,                 1.1417,                 1.4075,                0.84371,                0.75699,                0.84313,                0.54534,                 1.2582,                0.99928,                  1.436,               0.004588,               0.004588,               0.004588
                    167,                 1.1898,                 1.1374,                 1.4043,                0.83915,                0.76222,                0.84443,                 0.5565,                 1.2517,                0.99268,                 1.4328,               0.004555,               0.004555,               0.004555
                    168,                 1.1838,                 1.1499,                  1.402,                0.84355,                0.76316,                0.84696,                0.55736,                 1.2473,                0.98777,                 1.4275,               0.004522,               0.004522,               0.004522
                    169,                 1.1959,                 1.1614,                 1.4008,                0.82215,                0.79049,                0.85076,                0.56328,                 1.2454,                0.98345,                 1.4259,               0.004489,               0.004489,               0.004489
                    170,                 1.1826,                  1.139,                 1.4037,                0.82837,                0.78416,                0.85106,                0.56012,                 1.2411,                0.98488,                 1.4233,               0.004456,               0.004456,               0.004456
                    171,                 1.1908,                 1.1404,                  1.398,                0.85824,                0.76763,                0.84939,                0.55835,                 1.2427,                0.98837,                 1.4236,               0.004423,               0.004423,               0.004423
                    172,                 1.1859,                 1.1415,                 1.3966,                 0.8533,                0.75681,                0.84718,                0.55643,                 1.2467,                0.98765,                 1.4272,                0.00439,                0.00439,                0.00439
                    173,                 1.1783,                 1.1269,                 1.3992,                0.85004,                0.77223,                0.85218,                0.55896,                 1.2475,                0.98705,                 1.4254,               0.004357,               0.004357,               0.004357
                    174,                 1.1791,                 1.1312,                 1.3913,                0.85893,                0.77684,                0.85518,                0.55947,                 1.2462,                0.98497,                 1.4256,               0.004324,               0.004324,               0.004324
                    175,                 1.1775,                 1.1286,                 1.3943,                 0.8495,                0.78303,                0.85524,                0.56318,                 1.2401,                0.98042,                 1.4205,               0.004291,               0.004291,               0.004291
                    176,                 1.1738,                 1.1185,                 1.3881,                0.84974,                0.77374,                0.85473,                0.56305,                 1.2394,                0.98032,                 1.4216,               0.004258,               0.004258,               0.004258
                    177,                 1.1842,                 1.1259,                 1.3891,                0.85344,                0.77079,                0.85456,                0.56359,                 1.2405,                0.97987,                 1.4216,               0.004225,               0.004225,               0.004225
                    178,                 1.1683,                 1.1135,                 1.3877,                0.85097,                0.77427,                0.85467,                0.56296,                 1.2403,                0.97873,                  1.421,               0.004192,               0.004192,               0.004192
                    179,                 1.1718,                 1.1119,                 1.3874,                0.84739,                0.77602,                0.85623,                0.56562,                 1.2403,                0.97441,                 1.4211,               0.004159,               0.004159,               0.004159
                    180,                 1.1725,                 1.1035,                 1.3888,                0.84835,                0.77213,                0.85671,                0.56445,                 1.2392,                0.97549,                 1.4198,               0.004126,               0.004126,               0.004126
                    181,                 1.1744,                 1.1105,                 1.3859,                0.85943,                0.76438,                0.85748,                0.56277,                 1.2381,                0.97577,                 1.4181,               0.004093,               0.004093,               0.004093
                    182,                 1.1696,                 1.1036,                 1.3871,                0.84779,                0.77388,                0.85412,                0.56196,                 1.2358,                0.97794,                 1.4165,                0.00406,                0.00406,                0.00406
                    183,                 1.1678,                 1.1048,                 1.3848,                0.84093,                0.78411,                0.85378,                0.56283,                 1.2323,                0.97749,                 1.4173,               0.004027,               0.004027,               0.004027
                    184,                  1.143,                 1.0897,                 1.3602,                0.83461,                 0.7767,                 0.8468,                 0.5618,                 1.2328,                 0.9758,                 1.4182,               0.003994,               0.003994,               0.003994
                    185,                 1.1693,                 1.1022,                 1.3847,                0.83334,                0.78314,                0.85338,                0.56382,                 1.2306,                0.96821,                  1.417,               0.003961,               0.003961,               0.003961
                    186,                 1.1614,                 1.1045,                 1.3754,                0.83271,                 0.7858,                0.85211,                 0.5636,                 1.2325,                0.96392,                 1.4158,               0.003928,               0.003928,               0.003928
                    187,                 1.1575,                 1.1102,                 1.3793,                0.84051,                0.77885,                0.85026,                0.55953,                 1.2319,                0.97024,                 1.4169,               0.003895,               0.003895,               0.003895
                    188,                 1.1573,                 1.1002,                 1.3757,                0.84563,                0.78039,                0.85126,                0.56293,                 1.2301,                 0.9712,                 1.4133,               0.003862,               0.003862,               0.003862
                    189,                 1.1534,                 1.0937,                 1.3649,                0.84209,                0.77281,                0.85053,                0.56371,                   1.23,                0.96703,                 1.4134,               0.003829,               0.003829,               0.003829
                    190,                 1.1445,                 1.0752,                 1.3648,                0.83978,                0.78725,                0.85572,                0.56664,                 1.2307,                0.96535,                 1.4154,               0.003796,               0.003796,               0.003796
                    191,                 1.1557,                 1.0927,                 1.3758,                0.83306,                0.78814,                0.85411,                0.56563,                 1.2323,                0.96415,                 1.4151,               0.003763,               0.003763,               0.003763
                    192,                 1.1572,                 1.0867,                  1.376,                0.84155,                0.77658,                0.84962,                0.56652,                 1.2313,                0.96431,                 1.4141,                0.00373,                0.00373,                0.00373
                    193,                 1.1372,                 1.0837,                 1.3687,                0.85148,                0.77994,                0.85236,                0.56591,                 1.2312,                0.96155,                 1.4156,               0.003697,               0.003697,               0.003697
                    194,                 1.1558,                 1.0787,                 1.3646,                0.84986,                0.78215,                0.85115,                0.56491,                 1.2304,                0.96291,                 1.4139,               0.003664,               0.003664,               0.003664
                    195,                 1.1392,                   1.07,                 1.3636,                0.85391,                0.77561,                0.85364,                0.56642,                 1.2302,                0.96114,                 1.4123,               0.003631,               0.003631,               0.003631
                    196,                 1.1457,                 1.0651,                 1.3594,                0.86325,                0.77509,                 0.8534,                0.56641,                 1.2321,                 0.9576,                 1.4131,               0.003598,               0.003598,               0.003598
                    197,                 1.1428,                 1.0718,                 1.3568,                0.86327,                0.77309,                 0.8526,                0.56587,                 1.2358,                0.95806,                 1.4158,               0.003565,               0.003565,               0.003565
                    198,                 1.1413,                  1.068,                 1.3583,                 0.8595,                0.77489,                0.85302,                0.56541,                 1.2382,                0.95817,                 1.4177,               0.003532,               0.003532,               0.003532
                    199,                 1.1419,                 1.0653,                 1.3623,                0.86165,                0.77453,                0.85477,                0.56685,                 1.2374,                 0.9554,                 1.4168,               0.003499,               0.003499,               0.003499
                    200,                  1.146,                  1.067,                 1.3591,                0.86156,                0.77236,                0.85457,                0.56946,                 1.2373,                0.95446,                 1.4173,               0.003466,               0.003466,               0.003466
                    201,                 1.1381,                 1.0571,                 1.3536,                0.86309,                0.77067,                0.85407,                0.57129,                 1.2363,                0.95143,                 1.4158,               0.003433,               0.003433,               0.003433
                    202,                 1.1383,                 1.0631,                 1.3605,                0.85816,                0.77187,                0.85568,                 0.5723,                 1.2358,                0.94982,                 1.4173,                 0.0034,                 0.0034,                 0.0034
                    203,                 1.1363,                 1.0615,                 1.3528,                0.86228,                0.76967,                0.85528,                0.56983,                 1.2375,                0.94954,                 1.4192,               0.003367,               0.003367,               0.003367
                    204,                 1.1318,                 1.0627,                 1.3563,                0.85558,                0.76124,                0.85644,                0.57062,                  1.237,                0.94853,                 1.4178,               0.003334,               0.003334,               0.003334
                    205,                  1.131,                 1.0576,                 1.3523,                0.86202,                0.75526,                0.85677,                0.57097,                 1.2365,                0.94603,                 1.4177,               0.003301,               0.003301,               0.003301
                    206,                 1.1356,                 1.0542,                 1.3511,                0.84393,                0.77529,                0.85933,                0.57152,                 1.2352,                0.94474,                  1.416,               0.003268,               0.003268,               0.003268
                    207,                  1.128,                 1.0449,                 1.3477,                0.86017,                 0.7672,                 0.8628,                0.57504,                 1.2341,                0.94434,                 1.4156,               0.003235,               0.003235,               0.003235
                    208,                  1.122,                 1.0484,                 1.3506,                0.85421,                0.76877,                0.85991,                0.57512,                 1.2361,                0.94365,                  1.418,               0.003202,               0.003202,               0.003202
                    209,                  1.122,                 1.0405,                 1.3496,                0.84429,                0.77644,                0.85845,                0.57433,                 1.2348,                0.94215,                 1.4165,               0.003169,               0.003169,               0.003169
                    210,                 1.1225,                 1.0233,                 1.3441,                 0.8462,                0.77194,                 0.8587,                0.57434,                 1.2347,                0.94491,                 1.4157,               0.003136,               0.003136,               0.003136
                    211,                 1.1186,                 1.0368,                 1.3425,                0.85247,                0.76975,                0.85905,                0.57534,                 1.2357,                 0.9442,                 1.4157,               0.003103,               0.003103,               0.003103
                    212,                 1.1238,                 1.0351,                 1.3419,                0.85517,                0.77004,                0.85905,                0.57264,                 1.2368,                0.94559,                 1.4171,                0.00307,                0.00307,                0.00307
                    213,                 1.1312,                 1.0378,                 1.3459,                0.84236,                0.78374,                0.85867,                0.56993,                 1.2373,                0.94608,                 1.4174,               0.003037,               0.003037,               0.003037
                    214,                  1.121,                  1.026,                 1.3422,                0.84284,                0.78274,                0.85828,                0.57104,                 1.2364,                0.94681,                 1.4153,               0.003004,               0.003004,               0.003004
                    215,                 1.1096,                 1.0355,                 1.3368,                0.84484,                0.78443,                0.85696,                0.57148,                 1.2366,                0.94884,                 1.4145,               0.002971,               0.002971,               0.002971
                    216,                 1.1204,                 1.0258,                 1.3389,                0.84731,                0.78102,                0.85778,                0.57184,                  1.236,                0.94713,                 1.4139,               0.002938,               0.002938,               0.002938
                    217,                 1.1116,                 1.0278,                 1.3343,                0.84362,                0.77815,                0.85746,                0.57017,                 1.2371,                0.94647,                 1.4155,               0.002905,               0.002905,               0.002905
                    218,                 1.0998,                 1.0067,                 1.3278,                0.84495,                0.77811,                0.85814,                0.57186,                 1.2362,                0.94663,                  1.416,               0.002872,               0.002872,               0.002872
                    219,                 1.1204,                 1.0288,                 1.3445,                0.86439,                0.75952,                0.85782,                0.57067,                 1.2371,                0.94686,                 1.4168,               0.002839,               0.002839,               0.002839
                    220,                 1.1195,                 1.0222,                 1.3365,                0.86601,                0.76552,                0.85829,                0.57138,                  1.237,                0.94569,                 1.4175,               0.002806,               0.002806,               0.002806
                    221,                 1.1082,                 1.0173,                 1.3348,                0.86315,                0.76909,                0.85868,                0.57228,                 1.2373,                0.94571,                  1.417,               0.002773,               0.002773,               0.002773
                    222,                 1.1134,                 1.0172,                 1.3383,                0.86632,                0.76301,                0.85592,                0.57054,                  1.237,                0.94673,                 1.4164,                0.00274,                0.00274,                0.00274
                    223,                 1.1102,                 1.0086,                 1.3316,                0.85749,                0.77333,                0.85723,                0.57008,                 1.2376,                0.94568,                 1.4164,               0.002707,               0.002707,               0.002707
                    224,                 1.0951,                 1.0017,                 1.3235,                0.86531,                 0.7712,                0.85775,                0.57081,                 1.2355,                0.94502,                 1.4152,               0.002674,               0.002674,               0.002674
                    225,                 1.1004,                 1.0156,                 1.3272,                0.86456,                0.77365,                0.85799,                 0.5714,                  1.235,                 0.9463,                 1.4145,               0.002641,               0.002641,               0.002641
                    226,                 1.1042,                 1.0166,                 1.3317,                0.85669,                0.77245,                0.85619,                0.57396,                  1.235,                0.94664,                 1.4132,               0.002608,               0.002608,               0.002608
                    227,                 1.0896,                0.99602,                 1.3216,                0.85654,                0.77476,                 0.8563,                0.57179,                 1.2339,                0.94334,                 1.4127,               0.002575,               0.002575,               0.002575
                    228,                 1.1018,                 1.0092,                 1.3306,                 0.8603,                0.77164,                0.85617,                0.57197,                 1.2327,                0.94346,                 1.4141,               0.002542,               0.002542,               0.002542
                    229,                 1.1043,                0.99995,                 1.3311,                0.85224,                0.77306,                0.85673,                0.57192,                 1.2332,                0.94233,                 1.4129,               0.002509,               0.002509,               0.002509
                    230,                 1.0961,                0.99821,                 1.3184,                0.85273,                 0.7733,                0.85796,                0.57256,                 1.2331,                0.94282,                 1.4132,               0.002476,               0.002476,               0.002476
                    231,                 1.0879,                0.98344,                 1.3138,                 0.8638,                0.77186,                 0.8589,                0.57095,                 1.2323,                0.94087,                 1.4121,               0.002443,               0.002443,               0.002443
                    232,                 1.0996,                 1.0025,                 1.3261,                0.86271,                0.77274,                0.85866,                0.57161,                 1.2323,                0.94001,                  1.413,                0.00241,                0.00241,                0.00241
                    233,                 1.0846,                0.98099,                 1.3078,                0.86838,                0.77072,                0.86141,                0.57431,                 1.2302,                0.93833,                 1.4126,               0.002377,               0.002377,               0.002377
                    234,                 1.0856,                0.98009,                 1.3113,                0.86407,                0.77511,                0.86167,                0.57407,                 1.2291,                0.93807,                 1.4121,               0.002344,               0.002344,               0.002344
                    235,                 1.0871,                0.98243,                 1.3141,                0.85485,                0.78322,                0.86141,                0.57595,                 1.2283,                0.93641,                 1.4116,               0.002311,               0.002311,               0.002311
                    236,                 1.0763,                 0.9744,                  1.309,                0.85525,                0.78083,                0.86094,                0.57454,                  1.227,                0.93595,                 1.4108,               0.002278,               0.002278,               0.002278
                    237,                 1.0737,                0.96792,                 1.3036,                0.85845,                0.77894,                0.85948,                0.57367,                 1.2274,                0.93477,                 1.4103,               0.002245,               0.002245,               0.002245
                    238,                 1.0873,                 0.9996,                 1.3192,                 0.8642,                0.78035,                0.85984,                0.57321,                 1.2273,                0.93476,                 1.4104,               0.002212,               0.002212,               0.002212
                    239,                 1.0831,                 0.9787,                 1.3141,                0.86094,                0.77884,                0.85915,                0.57314,                 1.2268,                0.93524,                 1.4107,               0.002179,               0.002179,               0.002179
                    240,                 1.0784,                0.97543,                 1.3035,                0.86347,                0.77851,                0.85825,                0.57204,                 1.2262,                0.93413,                 1.4097,               0.002146,               0.002146,               0.002146
                    241,                 1.0651,                0.97761,                 1.3033,                0.86029,                0.77826,                0.85815,                0.57487,                 1.2248,                0.93529,                 1.4083,               0.002113,               0.002113,               0.002113
                    242,                 1.0829,                0.96092,                 1.3102,                0.86702,                0.77478,                0.85875,                0.57421,                 1.2252,                0.93548,                 1.4089,                0.00208,                0.00208,                0.00208
                    243,                 1.0829,                 0.9771,                 1.3095,                0.86972,                0.78044,                0.86244,                0.57388,                  1.225,                0.93567,                 1.4086,               0.002047,               0.002047,               0.002047
                    244,                 1.0825,                0.96589,                 1.3146,                0.87109,                0.78165,                0.86177,                0.57457,                 1.2251,                0.93552,                  1.409,               0.002014,               0.002014,               0.002014
                    245,                 1.0733,                0.96015,                   1.31,                0.87151,                0.78068,                0.86159,                 0.5747,                 1.2265,                0.93562,                 1.4102,               0.001981,               0.001981,               0.001981
                    246,                 1.0727,                0.96113,                 1.3094,                0.87175,                0.78204,                0.86207,                0.57388,                 1.2255,                0.93506,                 1.4089,               0.001948,               0.001948,               0.001948
                    247,                  1.067,                0.95947,                 1.3024,                0.87273,                0.78157,                0.86237,                0.57336,                 1.2255,                  0.935,                 1.4084,               0.001915,               0.001915,               0.001915
                    248,                 1.0677,                0.95602,                 1.3041,                0.87359,                0.78318,                0.86239,                0.57387,                 1.2254,                0.93423,                 1.4083,               0.001882,               0.001882,               0.001882
                    249,                  1.063,                0.95229,                 1.2976,                0.86731,                0.78587,                 0.8625,                0.57296,                 1.2258,                0.93338,                 1.4082,               0.001849,               0.001849,               0.001849
                    250,                 1.0641,                0.96916,                 1.3005,                0.86535,                 0.7854,                0.86206,                0.57313,                 1.2268,                0.93304,                 1.4083,               0.001816,               0.001816,               0.001816
                    251,                 1.0669,                0.96635,                  1.305,                0.86097,                0.78776,                0.86218,                0.57436,                 1.2266,                0.93265,                 1.4078,               0.001783,               0.001783,               0.001783
                    252,                 1.0566,                0.94813,                 1.2931,                0.86582,                0.78425,                0.86221,                 0.5734,                 1.2269,                 0.9326,                 1.4076,                0.00175,                0.00175,                0.00175
                    253,                 1.0733,                 0.9651,                  1.306,                0.86641,                0.78526,                0.86219,                0.57312,                 1.2274,                0.93324,                 1.4079,               0.001717,               0.001717,               0.001717
                    254,                 1.0595,                0.94346,                 1.2933,                0.86844,                0.78474,                0.86203,                 0.5735,                 1.2276,                0.93451,                  1.408,               0.001684,               0.001684,               0.001684
                    255,                  1.054,                0.94977,                 1.2859,                 0.8658,                0.78644,                0.86184,                0.57273,                 1.2276,                 0.9351,                 1.4077,               0.001651,               0.001651,               0.001651
                    256,                 1.0702,                0.95591,                 1.2987,                0.87193,                0.78209,                0.86163,                0.57232,                 1.2277,                  0.936,                 1.4078,               0.001618,               0.001618,               0.001618
                    257,                 1.0587,                0.94455,                 1.2961,                0.86272,                0.78887,                0.86128,                0.57236,                  1.228,                0.93654,                 1.4085,               0.001585,               0.001585,               0.001585
                    258,                  1.052,                0.93464,                  1.286,                0.85978,                0.78963,                0.86106,                0.57235,                 1.2271,                0.93655,                  1.407,               0.001552,               0.001552,               0.001552
                    259,                 1.0488,                0.92892,                 1.2863,                0.85977,                0.78972,                0.86118,                0.57336,                 1.2273,                0.93498,                  1.407,               0.001519,               0.001519,               0.001519
                    260,                 1.0486,                0.93648,                 1.2864,                0.85407,                0.78572,                0.85656,                0.57186,                 1.2275,                 0.9348,                 1.4072,               0.001486,               0.001486,               0.001486
                    261,                 1.0635,                0.94928,                 1.3056,                0.86327,                0.78335,                0.85724,                0.57332,                 1.2272,                  0.935,                  1.407,               0.001453,               0.001453,               0.001453
                    262,                 1.0545,                0.93564,                 1.2939,                0.85896,                0.78524,                0.85674,                0.57225,                 1.2274,                0.93472,                 1.4073,                0.00142,                0.00142,                0.00142
                    263,                  1.052,                0.92872,                 1.2904,                0.85696,                0.78569,                0.85666,                 0.5718,                 1.2274,                0.93325,                 1.4072,               0.001387,               0.001387,               0.001387
                    264,                 1.0417,                0.92165,                 1.2832,                0.85833,                0.78613,                0.85704,                0.57175,                  1.227,                0.93294,                  1.407,               0.001354,               0.001354,               0.001354
                    265,                 1.0415,                0.92646,                 1.2823,                0.85603,                 0.7869,                0.85755,                0.57377,                 1.2269,                0.93223,                 1.4072,               0.001321,               0.001321,               0.001321
                    266,                 1.0388,                0.92008,                 1.2801,                0.85389,                 0.7894,                0.85702,                0.57354,                 1.2269,                0.93202,                 1.4071,               0.001288,               0.001288,               0.001288
                    267,                 1.0377,                0.92854,                 1.2829,                0.85692,                 0.7934,                0.86121,                0.57452,                 1.2267,                0.93094,                 1.4066,               0.001255,               0.001255,               0.001255
                    268,                 1.0586,                0.93792,                 1.2953,                0.84797,                0.79949,                0.86133,                0.57507,                 1.2266,                0.93121,                 1.4072,               0.001222,               0.001222,               0.001222
                    269,                 1.0454,                0.93141,                 1.2839,                0.85131,                0.79473,                0.86099,                0.57483,                 1.2264,                0.93105,                 1.4073,               0.001189,               0.001189,               0.001189
                    270,                 1.0383,                 0.9328,                 1.2828,                0.84414,                0.80038,                0.86084,                0.57484,                 1.2264,                0.93123,                 1.4076,               0.001156,               0.001156,               0.001156
                    271,                 1.0405,                0.91796,                 1.2804,                 0.8467,                0.80184,                0.86066,                0.57512,                 1.2264,                0.93151,                 1.4074,               0.001123,               0.001123,               0.001123
                    272,                 1.0387,                0.91991,                 1.2768,                0.84221,                0.80286,                0.86079,                0.57566,                 1.2266,                0.93165,                 1.4075,                0.00109,                0.00109,                0.00109
                    273,                 1.0381,                0.91341,                 1.2757,                0.84285,                0.80331,                0.86081,                0.57464,                 1.2266,                 0.9314,                 1.4072,               0.001057,               0.001057,               0.001057
                    274,                 1.0308,                0.90353,                 1.2706,                 0.8434,                0.80393,                 0.8608,                0.57505,                  1.226,                0.93069,                 1.4065,               0.001024,               0.001024,               0.001024
                    275,                 1.0364,                0.91061,                 1.2843,                0.84966,                0.80072,                0.86093,                0.57556,                 1.2263,                0.93087,                 1.4067,               0.000991,               0.000991,               0.000991
                    276,                  1.025,                0.89738,                 1.2754,                0.84775,                0.80081,                0.86087,                0.57479,                 1.2266,                 0.9315,                 1.4072,               0.000958,               0.000958,               0.000958
                    277,                 1.0314,                0.90496,                 1.2789,                0.84771,                0.80046,                 0.8612,                0.57512,                 1.2272,                0.93133,                 1.4074,               0.000925,               0.000925,               0.000925
                    278,                 1.0332,                0.90556,                 1.2682,                0.84756,                0.79979,                0.86167,                0.57512,                 1.2272,                0.93156,                 1.4073,               0.000892,               0.000892,               0.000892
                    279,                 1.0248,                0.89919,                 1.2713,                0.84741,                 0.7986,                0.86276,                0.57628,                 1.2269,                0.93197,                 1.4071,               0.000859,               0.000859,               0.000859
                    280,                 1.0153,                 0.8787,                 1.2626,                0.85405,                0.79601,                0.86281,                 0.5764,                 1.2272,                0.93157,                 1.4071,               0.000826,               0.000826,               0.000826
                    281,                 1.0202,                0.89786,                 1.2638,                0.85419,                0.79561,                0.86287,                0.57722,                 1.2271,                0.93173,                 1.4072,               0.000793,               0.000793,               0.000793
                    282,                 1.0231,                0.89993,                 1.2668,                0.85268,                0.79721,                0.86344,                0.57682,                 1.2274,                0.93186,                 1.4076,                0.00076,                0.00076,                0.00076
                    283,                 1.0269,                0.90767,                 1.2774,                 0.8537,                0.79656,                0.86359,                0.57726,                  1.228,                0.93076,                 1.4077,               0.000727,               0.000727,               0.000727
                    284,                 1.0357,                0.90081,                 1.2738,                 0.8559,                0.79393,                0.86395,                0.57675,                 1.2281,                0.93157,                 1.4077,               0.000694,               0.000694,               0.000694
                    285,                 1.0121,                 0.8932,                 1.2659,                  0.855,                0.79548,                0.86432,                0.57795,                 1.2284,                0.93133,                 1.4077,               0.000661,               0.000661,               0.000661
                    286,                 1.0112,                0.88381,                 1.2607,                0.85795,                0.79185,                0.86466,                0.57773,                 1.2279,                0.93075,                 1.4074,               0.000628,               0.000628,               0.000628
                    287,                 1.0148,                 0.8963,                 1.2644,                0.85789,                0.79006,                 0.8642,                0.57794,                 1.2281,                0.93039,                 1.4076,               0.000595,               0.000595,               0.000595
                    288,                 1.0161,                0.88237,                 1.2606,                0.85704,                 0.7909,                0.86436,                0.57755,                 1.2286,                 0.9297,                  1.408,               0.000562,               0.000562,               0.000562
                    289,                 1.0106,                0.89554,                 1.2591,                0.85887,                0.79042,                0.86447,                0.57915,                 1.2288,                0.92909,                 1.4081,               0.000529,               0.000529,               0.000529
                    290,                 1.0106,                 0.8872,                 1.2597,                0.85783,                 0.7906,                0.86403,                0.57847,                 1.2289,                0.92881,                 1.4079,               0.000496,               0.000496,               0.000496
                    291,                0.97949,                0.72637,                  1.246,                0.85899,                0.79161,                0.86454,                0.57857,                 1.2285,                0.92903,                 1.4083,               0.000463,               0.000463,               0.000463
                    292,                0.94874,                0.70267,                  1.225,                0.85772,                0.79448,                0.86419,                0.57902,                 1.2281,                0.92837,                  1.408,                0.00043,                0.00043,                0.00043
                    293,                0.94197,                 0.6877,                 1.2223,                0.84294,                0.80569,                0.86408,                0.57814,                 1.2286,                0.92774,                 1.4084,               0.000397,               0.000397,               0.000397
                    294,                0.93787,                0.67727,                 1.2205,                 0.8427,                0.80615,                0.86371,                0.57783,                 1.2284,                0.92767,                 1.4084,               0.000364,               0.000364,               0.000364
                    295,                0.93161,                0.67241,                 1.2145,                0.85908,                 0.7938,                0.86377,                 0.5772,                 1.2282,                0.92809,                 1.4086,               0.000331,               0.000331,               0.000331
                    296,                0.92712,                0.67277,                 1.2132,                0.84276,                0.80741,                0.86372,                0.57687,                 1.2279,                0.92762,                 1.4081,               0.000298,               0.000298,               0.000298
                    297,                0.91807,                0.66544,                  1.207,                0.84602,                0.80521,                 0.8639,                0.57705,                 1.2284,                0.92739,                 1.4086,               0.000265,               0.000265,               0.000265
                    298,                0.92767,                0.67202,                 1.2187,                0.85078,                0.80342,                0.86379,                0.57653,                 1.2282,                0.92665,                 1.4083,               0.000232,               0.000232,               0.000232
                    299,                0.91862,                0.66413,                 1.2082,                 0.8507,                0.80394,                  0.864,                0.57652,                 1.2282,                0.92693,                 1.4087,               0.000199,               0.000199,               0.000199
                    300,                0.92296,                0.66409,                 1.2104,                0.85287,                0.80168,                0.86417,                0.57706,                 1.2288,                0.92681,                 1.4093,               0.000166,               0.000166,               0.000166
