                  epoch,         train/box_loss,         train/cls_loss,         train/dfl_loss,   metrics/precision(B),      metrics/recall(B),       metrics/mAP50(B),    metrics/mAP50-95(B),           val/box_loss,           val/cls_loss,           val/dfl_loss,                 lr/pg0,                 lr/pg1,                 lr/pg2
                      1,                 4.1438,                 4.9537,                 4.1827,                0.00094,                0.17286,                0.00098,                0.00033,                 4.1898,                 4.5476,                 4.3544,              0.0033181,              0.0033181,              0.0033181
                      2,                 3.9225,                 4.5835,                  3.951,                0.60029,                0.00098,                  9e-05,                  3e-05,                 4.0187,                 13.043,                 5.9322,              0.0066295,              0.0066295,              0.0066295
                      3,                 3.3037,                 4.1333,                 3.3962,                0.41551,                0.04424,                0.00932,                0.00196,                 3.1416,                 5.0386,                 3.1776,              0.0099189,              0.0099189,              0.0099189
                      4,                 2.9341,                 3.8482,                 3.0206,                0.62458,                0.04455,                0.00993,                0.00269,                 3.0899,                 4.0004,                   3.04,               0.009901,               0.009901,               0.009901
                      5,                 2.7075,                 3.6236,                 2.7978,                 0.6369,                0.06176,                0.02695,                0.00749,                 2.7004,                 3.6532,                 2.6508,               0.009901,               0.009901,               0.009901
                      6,                 2.5275,                 3.4261,                  2.647,                0.32107,                0.09088,                0.03667,                0.01174,                 2.7108,                 3.5302,                 2.6922,               0.009868,               0.009868,               0.009868
                      7,                 2.3309,                 3.1275,                  2.499,                0.31886,                0.11111,                0.06279,                 0.0228,                 2.6888,                 3.6933,                 2.7452,               0.009835,               0.009835,               0.009835
                      8,                 2.1972,                  2.934,                 2.3758,                0.27032,                0.22578,                0.10554,                0.04423,                 2.2869,                 2.9834,                 2.3958,               0.009802,               0.009802,               0.009802
                      9,                 2.0906,                 2.7706,                 2.2692,                  0.335,                0.22634,                0.17199,                 0.0706,                 2.1374,                 2.5556,                   2.23,               0.009769,               0.009769,               0.009769
                     10,                 2.0011,                 2.6548,                 2.1803,                0.30074,                0.22825,                 0.1718,                 0.0691,                 2.1338,                 2.5898,                 2.2612,               0.009736,               0.009736,               0.009736
                     11,                 1.9712,                 2.5694,                 2.1408,                0.29664,                0.30672,                0.21795,                0.09494,                 2.0373,                 2.5391,                 2.1212,               0.009703,               0.009703,               0.009703
                     12,                 1.9192,                 2.5056,                 2.1001,                0.35459,                0.25672,                0.21917,                0.09592,                 2.0685,                  2.629,                 2.1502,                0.00967,                0.00967,                0.00967
                     13,                  1.895,                 2.4388,                 2.0674,                0.33285,                0.37347,                0.26416,                0.11148,                 2.0024,                 2.3359,                 2.0923,               0.009637,               0.009637,               0.009637
                     14,                 1.8385,                 2.3935,                  2.033,                0.39065,                0.34549,                0.27631,                0.13797,                  1.863,                 2.2387,                 2.0209,               0.009604,               0.009604,               0.009604
                     15,                 1.8455,                 2.3629,                 2.0196,                0.38764,                0.32529,                0.30501,                0.15222,                 1.8942,                 2.2824,                 2.0397,               0.009571,               0.009571,               0.009571
                     16,                 1.7897,                 2.3051,                 1.9908,                0.35781,                 0.3633,                0.32469,                0.15755,                 1.8739,                  2.208,                  2.018,               0.009538,               0.009538,               0.009538
                     17,                 1.7771,                 2.2462,                 1.9801,                0.35961,                0.41388,                0.33796,                0.16397,                 1.8328,                 2.2642,                 2.0065,               0.009505,               0.009505,               0.009505
                     18,                  1.753,                 2.2221,                 1.9431,                0.44559,                0.41329,                0.38176,                0.18849,                 1.8063,                 2.0822,                   1.96,               0.009472,               0.009472,               0.009472
                     19,                 1.7521,                 2.2197,                 1.9484,                0.52045,                0.39771,                 0.3982,                0.19674,                 1.7667,                 2.0599,                 1.9621,               0.009439,               0.009439,               0.009439
                     20,                 1.7387,                 2.1987,                 1.9316,                0.43889,                0.41203,                0.37922,                0.18487,                 1.8446,                 2.1597,                 1.9899,               0.009406,               0.009406,               0.009406
                     21,                 1.7322,                 2.1402,                 1.9148,                0.42058,                0.41351,                0.36721,                0.18724,                 1.7874,                 2.1549,                 1.9559,               0.009373,               0.009373,               0.009373
                     22,                 1.6903,                 2.1038,                 1.8887,                0.49999,                0.43204,                0.44086,                0.23145,                 1.7346,                 1.9214,                 1.9359,                0.00934,                0.00934,                0.00934
                     23,                 1.6769,                 2.1153,                 1.8792,                0.50632,                  0.391,                0.39864,                 0.2099,                 1.7346,                 2.0368,                 1.9313,               0.009307,               0.009307,               0.009307
                     24,                 1.6792,                  2.069,                 1.8653,                0.50797,                0.43442,                 0.4468,                0.23761,                 1.6575,                 1.9002,                 1.8272,               0.009274,               0.009274,               0.009274
                     25,                 1.6569,                 2.0616,                 1.8515,                0.57629,                0.43692,                0.46766,                0.23992,                 1.6869,                 1.9004,                 1.8646,               0.009241,               0.009241,               0.009241
                     26,                 1.6489,                 2.0166,                 1.8453,                 0.5076,                0.49431,                0.49925,                0.26849,                 1.6434,                 1.8187,                 1.8377,               0.009208,               0.009208,               0.009208
                     27,                 1.6421,                 2.0162,                 1.8376,                0.50271,                0.49102,                0.47957,                 0.2573,                 1.6502,                 1.8662,                 1.8527,               0.009175,               0.009175,               0.009175
                     28,                 1.6329,                 1.9746,                 1.8273,                0.49162,                0.51478,                0.50011,                0.27465,                 1.6123,                 1.8644,                 1.8158,               0.009142,               0.009142,               0.009142
                     29,                 1.6122,                 1.9535,                 1.8159,                0.58745,                0.52931,                 0.5406,                0.28714,                 1.5974,                 1.7619,                 1.7893,               0.009109,               0.009109,               0.009109
                     30,                 1.6179,                 1.9486,                 1.8039,                0.48231,                0.42921,                0.41963,                0.21766,                 1.7968,                 2.0406,                 1.9264,               0.009076,               0.009076,               0.009076
                     31,                 1.5997,                 1.9446,                 1.7925,                0.63223,                0.50874,                0.54421,                0.29318,                 1.5954,                 1.7353,                 1.7896,               0.009043,               0.009043,               0.009043
                     32,                 1.5926,                 1.8946,                 1.7804,                0.61737,                0.49042,                0.54155,                0.29976,                 1.5868,                 1.7385,                 1.7638,                0.00901,                0.00901,                0.00901
                     33,                 1.5933,                 1.8761,                 1.7708,                0.52879,                0.39363,                0.42849,                0.22405,                 1.7425,                 2.1417,                 1.9123,               0.008977,               0.008977,               0.008977
                     34,                 1.5657,                 1.8728,                 1.7613,                0.61643,                0.56309,                0.60422,                0.34439,                 1.5055,                 1.6451,                 1.7121,               0.008944,               0.008944,               0.008944
                     35,                 1.5746,                 1.8658,                 1.7687,                0.53158,                0.51963,                0.52926,                0.29531,                 1.6159,                  1.823,                 1.8089,               0.008911,               0.008911,               0.008911
                     36,                 1.5535,                 1.8323,                 1.7504,                0.56922,                0.51831,                0.53824,                0.30566,                 1.6213,                 1.8006,                 1.8012,               0.008878,               0.008878,               0.008878
                     37,                 1.5557,                 1.8382,                 1.7459,                0.58466,                 0.5342,                0.55085,                0.31812,                   1.56,                 1.6373,                  1.745,               0.008845,               0.008845,               0.008845
                     38,                 1.5295,                 1.8059,                  1.723,                0.57662,                0.56165,                0.58236,                0.32745,                 1.5379,                 1.6636,                 1.7319,               0.008812,               0.008812,               0.008812
                     39,                 1.5357,                 1.8039,                 1.7257,                0.60514,                0.56344,                0.58517,                0.32459,                 1.5432,                 1.6264,                 1.7526,               0.008779,               0.008779,               0.008779
                     40,                 1.5298,                 1.8054,                   1.72,                 0.6219,                0.55134,                0.59437,                0.32523,                  1.588,                 1.6882,                 1.7489,               0.008746,               0.008746,               0.008746
                     41,                 1.5279,                 1.7829,                 1.7094,                0.64607,                 0.5558,                0.61431,                0.34303,                 1.5051,                 1.5323,                 1.7021,               0.008713,               0.008713,               0.008713
                     42,                  1.515,                 1.7634,                 1.7177,                0.66288,                0.56522,                 0.6309,                0.35715,                 1.4859,                 1.5315,                 1.6916,                0.00868,                0.00868,                0.00868
                     43,                 1.5152,                 1.7414,                 1.7113,                 0.6296,                0.59159,                0.62906,                0.35846,                 1.4808,                 1.5107,                 1.6753,               0.008647,               0.008647,               0.008647
                     44,                 1.5061,                 1.7598,                 1.6975,                0.64687,                0.60865,                 0.6369,                 0.3696,                 1.4687,                 1.4741,                 1.6774,               0.008614,               0.008614,               0.008614
                     45,                  1.492,                 1.7133,                 1.6929,                0.64449,                0.61466,                0.66418,                0.37349,                 1.4695,                 1.4733,                 1.6593,               0.008581,               0.008581,               0.008581
                     46,                 1.4868,                 1.7274,                 1.6858,                0.67193,                 0.5623,                0.63802,                0.36751,                 1.4877,                 1.5236,                 1.6893,               0.008548,               0.008548,               0.008548
                     47,                 1.4921,                 1.7178,                 1.6829,                0.66914,                0.57065,                0.64276,                0.37386,                 1.4635,                 1.4773,                  1.654,               0.008515,               0.008515,               0.008515
                     48,                 1.4898,                 1.7085,                 1.6729,                0.69161,                 0.6051,                0.67991,                0.39424,                 1.4443,                 1.4193,                 1.6356,               0.008482,               0.008482,               0.008482
                     49,                 1.4812,                 1.7047,                 1.6728,                0.68392,                0.59061,                0.66438,                0.38586,                 1.4323,                  1.485,                 1.6362,               0.008449,               0.008449,               0.008449
                     50,                 1.4808,                 1.6897,                 1.6684,                0.63038,                0.65316,                 0.6672,                0.37538,                 1.4899,                 1.4991,                 1.6608,               0.008416,               0.008416,               0.008416
                     51,                 1.4804,                 1.6921,                 1.6689,                0.67653,                0.61438,                0.66852,                0.37624,                 1.4588,                 1.4806,                 1.6399,               0.008383,               0.008383,               0.008383
                     52,                 1.4639,                 1.6515,                 1.6511,                0.66981,                0.64729,                 0.6991,                0.39919,                  1.442,                 1.3965,                 1.6362,                0.00835,                0.00835,                0.00835
                     53,                  1.458,                 1.6584,                 1.6488,                0.69862,                 0.5983,                0.68319,                0.41063,                 1.4174,                 1.3884,                 1.6176,               0.008317,               0.008317,               0.008317
                     54,                 1.4456,                  1.635,                 1.6356,                0.68745,                0.63029,                0.69418,                0.40616,                 1.4259,                   1.38,                 1.6199,               0.008284,               0.008284,               0.008284
                     55,                 1.4353,                 1.6097,                 1.6361,                0.70112,                0.64318,                0.69594,                0.40966,                  1.428,                 1.3864,                 1.6235,               0.008251,               0.008251,               0.008251
                     56,                 1.4511,                 1.6192,                 1.6451,                0.70383,                0.63543,                 0.7009,                0.41538,                 1.4206,                 1.3734,                  1.614,               0.008218,               0.008218,               0.008218
                     57,                 1.4473,                 1.6291,                 1.6385,                0.71558,                0.66713,                 0.7302,                 0.4261,                 1.3906,                  1.338,                 1.5893,               0.008185,               0.008185,               0.008185
                     58,                 1.4248,                 1.6015,                 1.6192,                0.72415,                0.64878,                0.72039,                0.42856,                 1.3881,                 1.3332,                 1.5863,               0.008152,               0.008152,               0.008152
                     59,                 1.4351,                 1.5868,                 1.6206,                0.65866,                0.66551,                0.72355,                0.44244,                 1.3785,                 1.3315,                 1.5797,               0.008119,               0.008119,               0.008119
                     60,                  1.426,                 1.5987,                 1.6216,                0.73624,                0.67392,                0.74133,                0.42984,                 1.4018,                  1.334,                 1.5913,               0.008086,               0.008086,               0.008086
                     61,                 1.4401,                 1.5834,                 1.6303,                0.73476,                0.66795,                0.73398,                0.43247,                 1.4001,                 1.3304,                 1.5975,               0.008053,               0.008053,               0.008053
                     62,                 1.4305,                  1.577,                 1.6144,                0.73807,                0.65088,                0.72729,                0.42566,                 1.3814,                 1.3196,                 1.5702,                0.00802,                0.00802,                0.00802
                     63,                 1.4229,                 1.5808,                 1.6143,                0.70504,                0.64596,                0.71597,                0.41647,                 1.4282,                  1.356,                 1.6075,               0.007987,               0.007987,               0.007987
                     64,                 1.4225,                 1.5689,                  1.614,                0.72456,                0.68056,                0.74076,                0.44269,                 1.3881,                 1.3027,                 1.5708,               0.007954,               0.007954,               0.007954
                     65,                 1.4115,                 1.5492,                 1.6008,                0.74874,                0.65568,                0.73846,                0.45252,                 1.3598,                 1.2822,                 1.5643,               0.007921,               0.007921,               0.007921
                     66,                 1.4029,                 1.5466,                 1.5907,                0.74035,                0.66837,                0.75034,                0.45768,                 1.3743,                 1.2859,                 1.5578,               0.007888,               0.007888,               0.007888
                     67,                 1.4061,                 1.5333,                 1.5986,                0.71174,                0.66356,                0.74146,                0.44568,                 1.3567,                 1.2808,                 1.5535,               0.007855,               0.007855,               0.007855
                     68,                 1.4041,                 1.5412,                 1.5962,                0.73569,                0.64606,                0.73336,                0.44603,                 1.3666,                 1.2834,                 1.5717,               0.007822,               0.007822,               0.007822
                     69,                 1.3976,                 1.5459,                 1.5893,                0.71237,                0.66926,                 0.7404,                0.44433,                 1.3555,                 1.2777,                  1.539,               0.007789,               0.007789,               0.007789
                     70,                 1.3923,                 1.5226,                 1.5778,                0.73875,                0.65657,                0.73518,                0.44663,                 1.3633,                 1.2945,                 1.5518,               0.007756,               0.007756,               0.007756
                     71,                 1.3998,                 1.5256,                 1.5846,                0.73786,                0.68165,                0.76539,                 0.4598,                 1.3454,                 1.2532,                   1.54,               0.007723,               0.007723,               0.007723
                     72,                 1.3828,                  1.503,                 1.5695,                0.74391,                0.66482,                0.75668,                0.45565,                 1.3417,                 1.2769,                 1.5376,                0.00769,                0.00769,                0.00769
                     73,                 1.3752,                 1.5196,                 1.5734,                0.72578,                0.71929,                0.76503,                 0.4753,                 1.3179,                 1.2331,                 1.5138,               0.007657,               0.007657,               0.007657
                     74,                 1.3844,                 1.5182,                 1.5752,                0.75372,                0.67275,                0.75723,                0.45598,                 1.3526,                 1.2714,                 1.5479,               0.007624,               0.007624,               0.007624
                     75,                 1.3863,                 1.5009,                 1.5752,                0.74645,                0.69119,                0.76877,                0.47002,                 1.3121,                  1.197,                 1.5157,               0.007591,               0.007591,               0.007591
                     76,                 1.3719,                 1.4758,                 1.5624,                0.71834,                0.66757,                0.73904,                0.45761,                 1.3469,                 1.2591,                 1.5426,               0.007558,               0.007558,               0.007558
                     77,                 1.3689,                 1.4884,                 1.5616,                0.70855,                0.69056,                0.75682,                0.45583,                 1.3365,                 1.2237,                 1.5325,               0.007525,               0.007525,               0.007525
                     78,                 1.3825,                 1.4811,                 1.5715,                0.74407,                0.67467,                0.75446,                0.45098,                 1.3349,                 1.2665,                 1.5245,               0.007492,               0.007492,               0.007492
                     79,                 1.3779,                 1.4775,                 1.5664,                 0.7389,                0.71065,                0.76977,                0.47203,                 1.3329,                 1.1994,                 1.5284,               0.007459,               0.007459,               0.007459
                     80,                 1.3699,                 1.4751,                 1.5655,                0.77853,                0.69286,                0.77176,                0.46698,                 1.3285,                 1.2101,                 1.5325,               0.007426,               0.007426,               0.007426
                     81,                 1.3598,                 1.4586,                  1.552,                0.77819,                0.71741,                0.78345,                0.48146,                 1.3206,                 1.1708,                 1.5196,               0.007393,               0.007393,               0.007393
                     82,                 1.3689,                 1.4634,                 1.5602,                0.79693,                0.68593,                0.79188,                0.48978,                 1.3021,                 1.1654,                 1.4979,                0.00736,                0.00736,                0.00736
                     83,                 1.3627,                 1.4624,                  1.552,                0.76244,                0.68589,                0.76572,                0.47551,                 1.3178,                 1.2014,                 1.5177,               0.007327,               0.007327,               0.007327
                     84,                 1.3655,                 1.4483,                 1.5559,                0.75754,                0.72439,                0.78783,                0.49047,                 1.2957,                 1.1587,                 1.4964,               0.007294,               0.007294,               0.007294
                     85,                 1.3599,                 1.4486,                 1.5448,                0.76084,                0.70236,                0.78673,                0.48998,                 1.2909,                  1.172,                 1.4804,               0.007261,               0.007261,               0.007261
                     86,                 1.3506,                 1.4175,                 1.5378,                0.77078,                0.70869,                 0.7877,                0.48117,                 1.3142,                 1.1893,                 1.4989,               0.007228,               0.007228,               0.007228
                     87,                 1.3524,                 1.4303,                 1.5456,                0.80518,                0.70111,                0.78996,                0.48123,                 1.3275,                 1.1812,                 1.5186,               0.007195,               0.007195,               0.007195
                     88,                 1.3418,                 1.4325,                  1.534,                0.79152,                0.71272,                0.80551,                 0.4991,                 1.3015,                 1.1596,                  1.492,               0.007162,               0.007162,               0.007162
                     89,                 1.3455,                 1.4309,                 1.5428,                0.78736,                0.72221,                0.79644,                0.49505,                 1.2977,                  1.143,                 1.4986,               0.007129,               0.007129,               0.007129
                     90,                 1.3449,                 1.4242,                 1.5309,                0.75567,                0.73676,                0.79583,                0.48876,                 1.2947,                 1.1374,                 1.4873,               0.007096,               0.007096,               0.007096
                     91,                 1.3377,                 1.4035,                 1.5232,                0.81584,                0.69573,                0.79924,                0.49153,                 1.2977,                  1.156,                  1.494,               0.007063,               0.007063,               0.007063
                     92,                 1.3334,                 1.3965,                 1.5213,                  0.763,                0.73449,                0.79177,                0.48885,                 1.3126,                 1.1467,                 1.5005,                0.00703,                0.00703,                0.00703
                     93,                 1.3199,                 1.3965,                 1.5118,                0.76457,                0.74174,                0.79047,                0.48704,                 1.2902,                 1.1513,                 1.4823,               0.006997,               0.006997,               0.006997
                     94,                 1.3348,                 1.3961,                 1.5322,                 0.7791,                0.72187,                0.79549,                0.48085,                 1.2846,                 1.1296,                 1.4808,               0.006964,               0.006964,               0.006964
                     95,                 1.3335,                 1.3801,                 1.5245,                0.78165,                 0.7392,                0.80093,                0.48837,                 1.2955,                 1.1149,                 1.4791,               0.006931,               0.006931,               0.006931
                     96,                 1.3215,                 1.3903,                 1.5239,                0.77008,                0.72785,                0.80025,                0.49392,                 1.2882,                  1.117,                 1.4846,               0.006898,               0.006898,               0.006898
                     97,                 1.3298,                 1.3912,                 1.5146,                0.78575,                0.73628,                0.79736,                0.49899,                 1.2998,                 1.1194,                 1.4876,               0.006865,               0.006865,               0.006865
                     98,                 1.3108,                 1.3807,                 1.5069,                0.79954,                0.72606,                 0.7961,                0.50027,                 1.2768,                 1.1137,                 1.4782,               0.006832,               0.006832,               0.006832
                     99,                 1.3164,                 1.3782,                 1.5133,                0.77402,                 0.7246,                0.78572,                0.49377,                 1.2865,                 1.1243,                 1.4794,               0.006799,               0.006799,               0.006799
                    100,                 1.3064,                 1.3547,                  1.499,                0.80211,                0.72994,                0.79737,                0.49657,                 1.2853,                 1.1211,                 1.4801,               0.006766,               0.006766,               0.006766
                    101,                 1.3105,                 1.3676,                 1.5092,                0.76802,                0.73164,                0.79181,                0.50005,                 1.2829,                 1.1221,                 1.4797,               0.006733,               0.006733,               0.006733
                    102,                 1.3106,                 1.3663,                 1.5063,                0.77464,                0.73579,                0.80388,                0.50121,                 1.2827,                 1.1107,                 1.4848,                 0.0067,                 0.0067,                 0.0067
                    103,                 1.3159,                 1.3562,                  1.515,                0.76548,                0.75373,                 0.8049,                0.50635,                 1.2733,                 1.1186,                 1.4726,               0.006667,               0.006667,               0.006667
                    104,                 1.3139,                 1.3567,                 1.5091,                  0.796,                0.73928,                0.81329,                0.51154,                 1.2757,                 1.0904,                 1.4751,               0.006634,               0.006634,               0.006634
                    105,                 1.3016,                 1.3418,                 1.4928,                0.80215,                0.75575,                 0.8201,                0.52386,                  1.275,                 1.0764,                 1.4691,               0.006601,               0.006601,               0.006601
                    106,                 1.3006,                 1.3359,                 1.4968,                0.78455,                 0.7563,                0.81735,                 0.5205,                 1.2679,                 1.0833,                 1.4671,               0.006568,               0.006568,               0.006568
                    107,                 1.3012,                 1.3091,                 1.4864,                0.80935,                0.74685,                0.82443,                0.51389,                 1.2769,                  1.082,                 1.4705,               0.006535,               0.006535,               0.006535
                    108,                 1.2988,                  1.354,                  1.492,                0.79709,                0.73779,                0.82473,                0.51808,                 1.2592,                 1.0841,                 1.4581,               0.006502,               0.006502,               0.006502
                    109,                 1.2927,                 1.3425,                 1.4968,                0.80117,                  0.745,                0.81719,                0.52065,                 1.2599,                  1.075,                 1.4611,               0.006469,               0.006469,               0.006469
                    110,                 1.2926,                 1.3273,                  1.483,                0.79196,                0.75499,                0.81552,                0.51144,                 1.2609,                 1.0829,                 1.4569,               0.006436,               0.006436,               0.006436
                    111,                 1.2817,                 1.3262,                 1.4857,                0.81279,                 0.7264,                0.81339,                0.50855,                 1.2692,                 1.0877,                 1.4716,               0.006403,               0.006403,               0.006403
                    112,                   1.29,                 1.3158,                 1.4846,                0.77683,                0.76614,                0.81637,                0.52166,                 1.2664,                 1.0584,                 1.4649,                0.00637,                0.00637,                0.00637
                    113,                 1.2868,                 1.2995,                 1.4788,                0.77914,                0.76408,                0.82157,                0.52097,                 1.2549,                 1.0433,                 1.4441,               0.006337,               0.006337,               0.006337
                    114,                 1.2795,                 1.2963,                 1.4745,                0.81646,                0.74489,                0.83444,                0.52959,                 1.2595,                 1.0321,                 1.4497,               0.006304,               0.006304,               0.006304
                    115,                 1.2726,                 1.3107,                 1.4771,                0.78224,                0.75089,                0.82614,                0.52488,                 1.2626,                  1.048,                 1.4523,               0.006271,               0.006271,               0.006271
                    116,                 1.2814,                 1.3014,                 1.4839,                 0.8145,                0.74593,                0.83008,                0.52392,                 1.2408,                  1.034,                 1.4488,               0.006238,               0.006238,               0.006238
                    117,                 1.2751,                 1.2946,                 1.4785,                0.79055,                0.75481,                0.82996,                0.52094,                 1.2553,                 1.0398,                 1.4471,               0.006205,               0.006205,               0.006205
                    118,                 1.2904,                 1.3108,                 1.4836,                0.79553,                0.76113,                0.82856,                0.51824,                 1.2731,                 1.0531,                 1.4616,               0.006172,               0.006172,               0.006172
                    119,                 1.2724,                 1.2926,                 1.4716,                0.78806,                 0.7594,                0.82586,                0.52113,                  1.267,                 1.0578,                 1.4566,               0.006139,               0.006139,               0.006139
                    120,                 1.2823,                 1.2939,                 1.4826,                0.80708,                0.76647,                0.83263,                0.51514,                 1.2576,                 1.0423,                 1.4501,               0.006106,               0.006106,               0.006106
                    121,                 1.2821,                 1.3025,                 1.4801,                0.80485,                0.76501,                0.83514,                0.52145,                 1.2505,                 1.0396,                 1.4407,               0.006073,               0.006073,               0.006073
                    122,                 1.2629,                 1.2912,                   1.47,                0.79605,                0.76139,                0.83142,                0.52502,                 1.2512,                  1.037,                 1.4463,                0.00604,                0.00604,                0.00604
                    123,                 1.2623,                 1.2661,                 1.4602,                0.83009,                0.74433,                0.82478,                0.52234,                 1.2464,                 1.0304,                 1.4426,               0.006007,               0.006007,               0.006007
                    124,                 1.2684,                 1.2579,                 1.4574,                0.82212,                0.73725,                0.83071,                0.51952,                 1.2517,                 1.0241,                 1.4386,               0.005974,               0.005974,               0.005974
                    125,                 1.2708,                  1.274,                 1.4568,                0.83089,                0.73056,                0.82741,                0.51987,                 1.2562,                 1.0497,                  1.447,               0.005941,               0.005941,               0.005941
                    126,                 1.2659,                 1.2873,                 1.4571,                0.79287,                0.76013,                0.82736,                0.52839,                 1.2502,                 1.0246,                 1.4406,               0.005908,               0.005908,               0.005908
                    127,                 1.2539,                 1.2757,                 1.4535,                0.82293,                 0.7427,                0.82983,                0.53136,                 1.2274,                 1.0148,                 1.4324,               0.005875,               0.005875,               0.005875
                    128,                 1.2607,                 1.2516,                 1.4607,                0.82336,                0.74358,                 0.8299,                0.52677,                 1.2414,                 1.0088,                 1.4386,               0.005842,               0.005842,               0.005842
                    129,                 1.2568,                 1.2587,                 1.4496,                0.81425,                0.75718,                 0.8323,                 0.5307,                 1.2361,                 1.0172,                 1.4363,               0.005809,               0.005809,               0.005809
                    130,                 1.2424,                  1.253,                 1.4464,                0.82818,                0.74243,                0.83557,                0.53698,                 1.2341,                  1.004,                 1.4345,               0.005776,               0.005776,               0.005776
                    131,                 1.2528,                 1.2579,                 1.4496,                0.83411,                 0.7768,                 0.8404,                0.53394,                 1.2381,                 1.0012,                 1.4356,               0.005743,               0.005743,               0.005743
                    132,                 1.2482,                 1.2338,                 1.4459,                0.84056,                 0.7643,                0.84124,                0.53667,                 1.2269,                0.99501,                 1.4257,                0.00571,                0.00571,                0.00571
                    133,                 1.2389,                  1.233,                 1.4428,                0.81828,                0.75858,                0.83931,                0.53901,                 1.2304,                 1.0058,                 1.4323,               0.005677,               0.005677,               0.005677
                    134,                 1.2414,                 1.2382,                 1.4416,                0.81579,                 0.7616,                0.83322,                0.53403,                 1.2356,                 1.0176,                 1.4334,               0.005644,               0.005644,               0.005644
                    135,                 1.2411,                   1.23,                 1.4384,                0.80918,                0.76486,                0.84645,                0.54186,                 1.2337,                 1.0019,                 1.4376,               0.005611,               0.005611,               0.005611
                    136,                 1.2299,                 1.2269,                 1.4314,                0.83132,                0.77545,                0.84427,                0.54227,                 1.2308,                 1.0187,                 1.4325,               0.005578,               0.005578,               0.005578
                    137,                 1.2412,                 1.2325,                  1.433,                0.83177,                0.75358,                0.83865,                0.53143,                 1.2396,                 1.0043,                 1.4341,               0.005545,               0.005545,               0.005545
                    138,                 1.2343,                 1.2155,                  1.435,                0.82514,                0.76016,                0.83956,                0.53724,                 1.2379,                0.99634,                 1.4358,               0.005512,               0.005512,               0.005512
                    139,                 1.2427,                 1.2297,                  1.438,                0.82113,                0.76567,                0.84134,                0.54824,                 1.2321,                0.99086,                 1.4311,               0.005479,               0.005479,               0.005479
                    140,                 1.2393,                 1.2167,                 1.4342,                0.85584,                0.74378,                0.84344,                0.54281,                 1.2384,                0.99009,                 1.4312,               0.005446,               0.005446,               0.005446
                    141,                  1.239,                 1.2299,                 1.4387,                0.81395,                0.78284,                 0.8469,                0.54361,                 1.2368,                 0.9942,                 1.4314,               0.005413,               0.005413,               0.005413
                    142,                  1.228,                 1.1995,                 1.4273,                0.81511,                 0.7671,                 0.8412,                0.54531,                 1.2342,                0.98614,                 1.4304,                0.00538,                0.00538,                0.00538
                    143,                 1.2256,                 1.2062,                 1.4294,                0.83655,                0.75893,                0.83694,                0.54415,                 1.2317,                0.99044,                 1.4239,               0.005347,               0.005347,               0.005347
                    144,                   1.23,                 1.2234,                 1.4279,                0.81879,                0.77552,                0.84254,                0.54203,                 1.2281,                0.98075,                 1.4201,               0.005314,               0.005314,               0.005314
                    145,                 1.2299,                 1.2006,                 1.4267,                0.82535,                0.76674,                0.84642,                 0.5409,                 1.2293,                0.97802,                 1.4254,               0.005281,               0.005281,               0.005281
                    146,                 1.2279,                 1.2075,                 1.4306,                0.82225,                0.75831,                0.84261,                0.53724,                 1.2365,                0.98035,                  1.429,               0.005248,               0.005248,               0.005248
                    147,                 1.2276,                 1.2054,                 1.4261,                0.81758,                 0.7897,                0.84546,                 0.5418,                 1.2281,                 0.9756,                 1.4252,               0.005215,               0.005215,               0.005215
                    148,                 1.2257,                 1.1998,                 1.4181,                0.82722,                0.76184,                0.84243,                0.54379,                 1.2292,                0.97381,                 1.4288,               0.005182,               0.005182,               0.005182
                    149,                 1.2304,                 1.2127,                 1.4351,                0.82223,                0.76459,                0.83915,                0.54424,                 1.2273,                0.96673,                 1.4276,               0.005149,               0.005149,               0.005149
                    150,                 1.2273,                 1.1931,                 1.4217,                0.81523,                0.77556,                0.83725,                0.54008,                 1.2313,                0.97754,                 1.4305,               0.005116,               0.005116,               0.005116
                    151,                 1.2096,                 1.1732,                 1.4132,                0.83301,                0.76493,                0.84416,                0.54449,                 1.2313,                0.96841,                  1.429,               0.005083,               0.005083,               0.005083
                    152,                 1.2192,                 1.1703,                 1.4139,                0.84369,                0.76236,                0.84521,                0.54408,                 1.2306,                0.96127,                 1.4269,                0.00505,                0.00505,                0.00505
                    153,                 1.2294,                 1.1941,                 1.4263,                0.79709,                0.78196,                0.83933,                0.54706,                 1.2311,                0.96263,                  1.431,               0.005017,               0.005017,               0.005017
                    154,                 1.2118,                 1.1824,                 1.4203,                0.82683,                0.77832,                0.85044,                0.55047,                 1.2284,                0.95908,                 1.4288,               0.004984,               0.004984,               0.004984
                    155,                 1.2135,                 1.1727,                 1.4127,                 0.8127,                0.78812,                0.84916,                0.55079,                 1.2259,                0.95189,                 1.4238,               0.004951,               0.004951,               0.004951
                    156,                 1.2087,                 1.1707,                  1.411,                0.82265,                0.78809,                0.85229,                0.55018,                 1.2226,                0.93858,                 1.4199,               0.004918,               0.004918,               0.004918
                    157,                 1.2024,                 1.1574,                 1.4056,                 0.8387,                0.78286,                0.85174,                0.54927,                 1.2182,                0.94543,                 1.4164,               0.004885,               0.004885,               0.004885
                    158,                 1.2111,                 1.1825,                  1.418,                0.83311,                0.78696,                0.85434,                 0.5555,                 1.2158,                 0.9465,                 1.4169,               0.004852,               0.004852,               0.004852
                    159,                 1.2074,                 1.1686,                 1.4055,                0.83315,                0.78807,                0.85588,                0.55551,                 1.2165,                0.94637,                  1.415,               0.004819,               0.004819,               0.004819
                    160,                 1.1999,                 1.1613,                 1.4031,                0.80437,                0.80025,                0.85826,                0.56071,                 1.2179,                0.94006,                 1.4159,               0.004786,               0.004786,               0.004786
                    161,                 1.2096,                  1.165,                 1.4052,                0.82818,                0.77711,                0.85979,                0.55956,                 1.2159,                0.93651,                 1.4188,               0.004753,               0.004753,               0.004753
                    162,                 1.2048,                 1.1588,                 1.4069,                 0.8152,                 0.7854,                0.85351,                0.55635,                 1.2211,                0.94638,                 1.4204,                0.00472,                0.00472,                0.00472
                    163,                 1.1926,                 1.1544,                 1.3991,                0.81254,                0.79577,                0.85508,                0.55378,                 1.2243,                0.94331,                 1.4197,               0.004687,               0.004687,               0.004687
                    164,                 1.2126,                 1.1567,                 1.4112,                0.80171,                0.80344,                0.85554,                0.55751,                 1.2239,                0.94497,                 1.4174,               0.004654,               0.004654,               0.004654
                    165,                 1.2031,                 1.1716,                 1.4062,                0.79946,                0.80324,                0.85701,                0.55381,                 1.2258,                0.94642,                 1.4198,               0.004621,               0.004621,               0.004621
                    166,                 1.1977,                 1.1603,                 1.4033,                0.81132,                0.79792,                0.85572,                  0.554,                 1.2245,                0.95014,                 1.4207,               0.004588,               0.004588,               0.004588
                    167,                 1.2141,                 1.1609,                 1.4055,                0.83353,                0.76108,                0.85511,                0.55295,                 1.2275,                0.94622,                 1.4215,               0.004555,               0.004555,               0.004555
                    168,                  1.195,                 1.1419,                 1.3955,                0.82148,                0.78246,                0.85486,                0.55511,                 1.2237,                0.95047,                 1.4194,               0.004522,               0.004522,               0.004522
                    169,                 1.1848,                 1.1453,                 1.3989,                0.83352,                0.77577,                0.85721,                0.55504,                 1.2211,                0.94771,                 1.4141,               0.004489,               0.004489,               0.004489
                    170,                 1.2056,                 1.1593,                 1.4096,                 0.8353,                0.78698,                0.86072,                0.55858,                 1.2226,                0.95192,                 1.4148,               0.004456,               0.004456,               0.004456
                    171,                 1.1878,                 1.1319,                  1.397,                0.84078,                0.78089,                0.85767,                0.55816,                 1.2194,                0.94036,                 1.4148,               0.004423,               0.004423,               0.004423
                    172,                 1.1758,                 1.1254,                 1.3816,                0.84496,                0.77741,                0.85835,                0.55491,                 1.2219,                0.93372,                 1.4152,                0.00439,                0.00439,                0.00439
                    173,                 1.1773,                 1.1253,                 1.3819,                0.85825,                0.77554,                0.85988,                0.55267,                 1.2233,                0.93272,                 1.4138,               0.004357,               0.004357,               0.004357
                    174,                 1.1877,                  1.133,                 1.3956,                0.84541,                0.78991,                0.86188,                0.55797,                 1.2239,                0.93411,                 1.4174,               0.004324,               0.004324,               0.004324
                    175,                 1.1805,                 1.1162,                 1.3838,                0.84615,                0.78554,                0.86114,                0.55633,                 1.2227,                0.93914,                 1.4166,               0.004291,               0.004291,               0.004291
                    176,                 1.1872,                 1.1308,                 1.3926,                0.86877,                0.77644,                 0.8641,                0.55493,                 1.2204,                0.94093,                 1.4114,               0.004258,               0.004258,               0.004258
                    177,                 1.1831,                 1.1238,                 1.3892,                0.85979,                0.78226,                0.86511,                0.55815,                 1.2186,                0.93747,                 1.4084,               0.004225,               0.004225,               0.004225
                    178,                 1.1882,                 1.1197,                 1.3924,                0.83415,                 0.7785,                 0.8625,                0.55844,                 1.2174,                0.93675,                 1.4043,               0.004192,               0.004192,               0.004192
                    179,                 1.1813,                 1.1289,                 1.3871,                0.85768,                0.77841,                0.86592,                 0.5589,                 1.2166,                 0.9371,                 1.4029,               0.004159,               0.004159,               0.004159
                    180,                 1.1828,                 1.1198,                 1.3843,                0.85986,                0.78066,                 0.8665,                0.56243,                 1.2135,                0.93664,                 1.4009,               0.004126,               0.004126,               0.004126
                    181,                 1.1657,                 1.0985,                 1.3739,                0.85532,                0.78494,                0.86641,                0.56467,                 1.2135,                0.93286,                 1.4031,               0.004093,               0.004093,               0.004093
                    182,                 1.1655,                 1.1029,                 1.3767,                0.85768,                0.77875,                0.86927,                 0.5633,                 1.2115,                0.92857,                 1.4055,                0.00406,                0.00406,                0.00406
                    183,                 1.1712,                 1.0974,                 1.3772,                 0.8623,                 0.7874,                0.86829,                0.56161,                 1.2119,                0.93146,                 1.4073,               0.004027,               0.004027,               0.004027
                    184,                 1.1657,                 1.1042,                 1.3781,                0.86488,                 0.7974,                0.87016,                0.56299,                 1.2144,                0.93113,                 1.4087,               0.003994,               0.003994,               0.003994
                    185,                 1.1703,                 1.1008,                 1.3807,                 0.8602,                 0.7991,                0.86989,                0.56394,                 1.2132,                0.93082,                 1.4076,               0.003961,               0.003961,               0.003961
                    186,                 1.1503,                 1.0799,                 1.3694,                0.86951,                0.79366,                0.87184,                0.56895,                 1.2091,                0.92757,                 1.4032,               0.003928,               0.003928,               0.003928
                    187,                  1.166,                 1.0856,                 1.3699,                0.86256,                0.79515,                0.86923,                 0.5683,                 1.2084,                0.92129,                 1.4024,               0.003895,               0.003895,               0.003895
                    188,                 1.1616,                  1.093,                 1.3755,                0.84958,                0.80288,                 0.8689,                0.56903,                 1.2114,                 0.9235,                 1.4057,               0.003862,               0.003862,               0.003862
                    189,                 1.1623,                 1.0898,                 1.3724,                0.84466,                0.80536,                0.87057,                0.56907,                 1.2113,                0.92795,                 1.4042,               0.003829,               0.003829,               0.003829
                    190,                  1.147,                 1.0921,                 1.3627,                0.84095,                0.80573,                0.86825,                0.56471,                 1.2128,                0.92756,                 1.4067,               0.003796,               0.003796,               0.003796
                    191,                 1.1542,                 1.0796,                  1.359,                0.84023,                0.80127,                0.86609,                0.56733,                 1.2153,                 0.9243,                  1.408,               0.003763,               0.003763,               0.003763
                    192,                 1.1752,                  1.109,                 1.3799,                0.84706,                0.80065,                0.86565,                0.56659,                 1.2146,                0.92203,                 1.4096,                0.00373,                0.00373,                0.00373
                    193,                 1.1584,                 1.0707,                 1.3619,                0.84338,                0.80391,                0.86503,                0.56603,                 1.2142,                0.92043,                 1.4103,               0.003697,               0.003697,               0.003697
                    194,                 1.1469,                 1.0746,                 1.3591,                0.83896,                0.81604,                 0.8663,                 0.5668,                 1.2131,                0.92245,                 1.4075,               0.003664,               0.003664,               0.003664
                    195,                 1.1452,                 1.0615,                 1.3535,                0.83523,                0.81122,                 0.8649,                0.56783,                 1.2119,                0.91854,                 1.4067,               0.003631,               0.003631,               0.003631
                    196,                 1.1462,                 1.0672,                 1.3634,                0.84288,                0.80849,                0.86877,                0.57011,                 1.2108,                0.91648,                 1.4053,               0.003598,               0.003598,               0.003598
                    197,                 1.1379,                 1.0669,                 1.3585,                0.85076,                0.79733,                0.86898,                0.56842,                 1.2139,                0.91279,                 1.4072,               0.003565,               0.003565,               0.003565
                    198,                 1.1292,                 1.0632,                 1.3484,                0.85176,                0.79327,                0.86895,                0.56653,                 1.2133,                0.91258,                 1.4069,               0.003532,               0.003532,               0.003532
                    199,                 1.1444,                  1.077,                 1.3586,                0.85474,                0.79167,                0.86891,                0.56658,                 1.2133,                0.91213,                 1.4048,               0.003499,               0.003499,               0.003499
                    200,                 1.1377,                 1.0684,                 1.3574,                0.85806,                0.79289,                0.86876,                0.56753,                 1.2102,                0.90992,                 1.4018,               0.003466,               0.003466,               0.003466
                    201,                 1.1485,                 1.0554,                  1.354,                0.85421,                 0.7965,                0.86853,                  0.569,                 1.2109,                0.91016,                 1.4027,               0.003433,               0.003433,               0.003433
                    202,                 1.1483,                 1.0592,                 1.3611,                0.84351,                0.80399,                0.86682,                0.56888,                 1.2089,                0.90902,                  1.401,                 0.0034,                 0.0034,                 0.0034
                    203,                 1.1387,                 1.0679,                 1.3526,                0.84522,                0.80283,                0.87002,                0.57014,                 1.2094,                 0.9083,                 1.4013,               0.003367,               0.003367,               0.003367
                    204,                 1.1454,                 1.0636,                 1.3541,                  0.849,                0.80288,                0.86976,                0.57236,                 1.2109,                0.90609,                  1.402,               0.003334,               0.003334,               0.003334
                    205,                 1.1457,                 1.0664,                 1.3568,                0.85117,                0.79611,                0.87011,                 0.5727,                 1.2108,                0.90451,                  1.403,               0.003301,               0.003301,               0.003301
                    206,                 1.1234,                 1.0487,                 1.3484,                0.85379,                0.80006,                0.87306,                0.57223,                 1.2085,                0.90338,                 1.4006,               0.003268,               0.003268,               0.003268
                    207,                 1.1324,                 1.0606,                  1.353,                0.84747,                0.80391,                 0.8726,                0.57178,                  1.209,                0.90245,                    1.4,               0.003235,               0.003235,               0.003235
                    208,                 1.1302,                 1.0434,                 1.3413,                0.85975,                 0.7842,                0.87094,                0.57267,                 1.2063,                0.90074,                 1.3992,               0.003202,               0.003202,               0.003202
                    209,                 1.1313,                 1.0372,                 1.3441,                0.86686,                 0.7901,                0.87186,                0.57435,                 1.2041,                0.89978,                 1.3979,               0.003169,               0.003169,               0.003169
                    210,                 1.1362,                 1.0515,                 1.3471,                0.86386,                0.78925,                0.87198,                0.57322,                 1.2052,                0.89801,                 1.3979,               0.003136,               0.003136,               0.003136
                    211,                 1.1247,                 1.0365,                  1.339,                  0.854,                0.79975,                0.87234,                0.57368,                 1.2048,                 0.8996,                 1.3984,               0.003103,               0.003103,               0.003103
                    212,                 1.1268,                 1.0342,                  1.344,                0.86598,                0.79327,                0.87164,                0.57338,                 1.2053,                 0.8998,                 1.3994,                0.00307,                0.00307,                0.00307
                    213,                 1.1246,                 1.0355,                 1.3368,                0.85909,                0.79053,                0.87142,                0.57471,                 1.2071,                0.89999,                 1.4008,               0.003037,               0.003037,               0.003037
                    214,                  1.125,                 1.0345,                 1.3463,                0.85388,                0.79649,                0.87106,                0.57422,                 1.2099,                0.90085,                 1.4021,               0.003004,               0.003004,               0.003004
                    215,                 1.1181,                 1.0414,                  1.337,                0.84431,                0.80114,                0.87311,                0.57411,                 1.2104,                 0.8988,                 1.4007,               0.002971,               0.002971,               0.002971
                    216,                 1.1157,                 1.0183,                 1.3352,                0.83861,                0.81831,                0.87303,                0.57441,                 1.2098,                0.89845,                 1.3992,               0.002938,               0.002938,               0.002938
                    217,                 1.1204,                  1.035,                 1.3331,                 0.8434,                0.81342,                0.87264,                  0.575,                 1.2083,                0.89825,                 1.3987,               0.002905,               0.002905,               0.002905
                    218,                 1.1274,                 1.0459,                 1.3377,                0.84519,                0.81425,                0.87322,                0.57452,                 1.2095,                0.89696,                 1.3999,               0.002872,               0.002872,               0.002872
                    219,                 1.1092,                  1.024,                 1.3245,                0.84709,                0.81308,                0.87335,                0.57539,                 1.2101,                0.89446,                 1.4005,               0.002839,               0.002839,               0.002839
                    220,                 1.1216,                 1.0342,                 1.3419,                0.84707,                0.81461,                0.87261,                0.57509,                 1.2124,                0.89356,                 1.4025,               0.002806,               0.002806,               0.002806
                    221,                 1.1101,                 1.0192,                 1.3319,                0.84814,                0.81109,                0.87215,                0.57444,                 1.2125,                 0.8929,                 1.4028,               0.002773,               0.002773,               0.002773
                    222,                 1.1224,                 1.0215,                 1.3409,                0.85462,                0.80596,                 0.8729,                 0.5751,                 1.2132,                0.89322,                 1.4031,                0.00274,                0.00274,                0.00274
                    223,                 1.1201,                 1.0268,                 1.3372,                0.85222,                0.80195,                0.87225,                0.57448,                  1.213,                0.89251,                 1.4038,               0.002707,               0.002707,               0.002707
                    224,                 1.1064,                 1.0216,                 1.3284,                0.85236,                 0.7985,                0.87282,                0.57504,                 1.2117,                0.88883,                 1.4032,               0.002674,               0.002674,               0.002674
                    225,                 1.1126,                 1.0077,                 1.3254,                0.85342,                0.80146,                 0.8735,                0.57313,                 1.2132,                0.88908,                 1.4035,               0.002641,               0.002641,               0.002641
                    226,                 1.0982,                 1.0077,                 1.3228,                0.85181,                0.79932,                0.87376,                0.57351,                 1.2122,                0.88728,                 1.4023,               0.002608,               0.002608,               0.002608
                    227,                   1.11,                0.99636,                 1.3263,                0.85057,                0.80291,                0.87309,                0.57211,                 1.2116,                0.88523,                 1.4016,               0.002575,               0.002575,               0.002575
                    228,                 1.1039,                 1.0088,                 1.3253,                0.85274,                0.80498,                0.87442,                0.57346,                  1.211,                0.88489,                 1.4012,               0.002542,               0.002542,               0.002542
                    229,                 1.1005,                 1.0039,                 1.3197,                0.84218,                0.80758,                0.87373,                0.57517,                 1.2114,                0.88527,                 1.4021,               0.002509,               0.002509,               0.002509
                    230,                 1.1028,                 1.0056,                 1.3236,                0.84554,                0.80323,                0.87307,                0.57522,                 1.2119,                  0.885,                 1.4027,               0.002476,               0.002476,               0.002476
                    231,                  1.084,                0.98803,                 1.3143,                0.85263,                0.79861,                0.87276,                0.57328,                 1.2108,                0.88508,                  1.402,               0.002443,               0.002443,               0.002443
                    232,                 1.0941,                0.99439,                 1.3195,                0.84304,                0.80301,                0.87263,                0.57481,                 1.2115,                  0.886,                 1.4019,                0.00241,                0.00241,                0.00241
                    233,                 1.0926,                0.98845,                 1.3097,                0.84493,                0.80232,                 0.8723,                 0.5764,                 1.2114,                0.88634,                 1.4016,               0.002377,               0.002377,               0.002377
                    234,                 1.0934,                0.97762,                  1.309,                0.84096,                0.80342,                0.87246,                0.57601,                 1.2115,                0.88704,                 1.4011,               0.002344,               0.002344,               0.002344
                    235,                 1.0951,                0.99152,                 1.3226,                0.84601,                0.80555,                 0.8732,                0.57612,                 1.2113,                0.88682,                 1.4009,               0.002311,               0.002311,               0.002311
                    236,                 1.1038,                0.99804,                 1.3187,                0.83211,                0.81665,                0.87313,                0.57756,                 1.2118,                0.88638,                 1.4026,               0.002278,               0.002278,               0.002278
                    237,                 1.0828,                0.97672,                 1.3051,                0.84384,                0.81018,                 0.8738,                0.57742,                 1.2134,                0.88526,                  1.404,               0.002245,               0.002245,               0.002245
                    238,                 1.0894,                0.98044,                 1.3138,                0.84271,                0.80961,                0.87323,                0.57651,                 1.2139,                0.88435,                 1.4046,               0.002212,               0.002212,               0.002212
                    239,                 1.0962,                0.99526,                 1.3202,                0.84249,                0.81532,                0.87455,                0.57608,                  1.213,                0.88611,                 1.4037,               0.002179,               0.002179,               0.002179
                    240,                 1.0817,                0.97322,                 1.3072,                0.84139,                0.81177,                0.87362,                0.57626,                 1.2129,                0.88598,                  1.404,               0.002146,               0.002146,               0.002146
                    241,                 1.0913,                0.98441,                  1.316,                0.85298,                 0.8023,                0.87369,                0.57706,                 1.2128,                0.88522,                 1.4034,               0.002113,               0.002113,               0.002113
                    242,                 1.0813,                 0.9667,                 1.3079,                0.84831,                0.80461,                0.87422,                0.57755,                 1.2123,                0.88619,                 1.4036,                0.00208,                0.00208,                0.00208
                    243,                 1.0832,                0.97159,                 1.3076,                0.85715,                0.80273,                0.87437,                0.57879,                 1.2123,                0.88653,                 1.4047,               0.002047,               0.002047,               0.002047
                    244,                 1.0814,                 0.9732,                 1.3085,                0.85601,                0.80235,                0.87486,                0.57983,                 1.2117,                0.88628,                 1.4049,               0.002014,               0.002014,               0.002014
                    245,                  1.079,                0.97187,                 1.2971,                0.85148,                0.79703,                0.87435,                0.57956,                 1.2119,                0.88579,                 1.4052,               0.001981,               0.001981,               0.001981
                    246,                  1.087,                0.97686,                 1.3129,                0.85132,                0.79635,                0.87468,                0.58033,                 1.2122,                0.88543,                 1.4052,               0.001948,               0.001948,               0.001948
                    247,                 1.0722,                0.96762,                 1.2974,                0.84943,                0.80284,                0.87477,                0.57983,                 1.2124,                 0.8851,                 1.4052,               0.001915,               0.001915,               0.001915
                    248,                 1.0782,                 0.9695,                 1.2979,                0.84859,                0.80447,                0.87472,                0.58015,                 1.2117,                0.88419,                  1.405,               0.001882,               0.001882,               0.001882
                    249,                 1.0674,                0.95988,                 1.2992,                0.84782,                0.80561,                0.87516,                0.57976,                 1.2115,                0.88354,                 1.4058,               0.001849,               0.001849,               0.001849
                    250,                 1.0622,                0.95514,                 1.2948,                0.85188,                0.80364,                0.87434,                0.57844,                 1.2114,                 0.8831,                 1.4061,               0.001816,               0.001816,               0.001816
                    251,                 1.0797,                0.96485,                 1.3071,                0.85195,                0.80521,                0.87464,                 0.5787,                 1.2114,                0.88202,                 1.4063,               0.001783,               0.001783,               0.001783
                    252,                 1.0689,                0.94242,                 1.2969,                0.85439,                0.80417,                0.87449,                0.58011,                 1.2103,                 0.8812,                 1.4061,                0.00175,                0.00175,                0.00175
                    253,                 1.0682,                 0.9547,                 1.2948,                0.84981,                0.80434,                0.87465,                0.57907,                 1.2108,                0.88222,                 1.4061,               0.001717,               0.001717,               0.001717
                    254,                 1.0769,                0.95558,                 1.2979,                0.84549,                0.80771,                0.87451,                0.57939,                 1.2106,                0.88259,                 1.4065,               0.001684,               0.001684,               0.001684
                    255,                 1.0598,                0.94721,                 1.3005,                0.84535,                0.80818,                0.87429,                0.57856,                 1.2114,                0.88325,                 1.4069,               0.001651,               0.001651,               0.001651
                    256,                 1.0694,                0.94906,                 1.2921,                0.84965,                0.80203,                0.87488,                0.57871,                 1.2114,                 0.8828,                 1.4069,               0.001618,               0.001618,               0.001618
                    257,                 1.0544,                0.93583,                 1.2875,                0.85109,                0.80159,                0.87528,                 0.5795,                 1.2119,                0.88276,                 1.4067,               0.001585,               0.001585,               0.001585
                    258,                  1.067,                0.95338,                  1.296,                0.84735,                0.80184,                0.87437,                0.57909,                  1.211,                0.88358,                 1.4057,               0.001552,               0.001552,               0.001552
                    259,                 1.0587,                0.94874,                 1.2916,                0.85516,                0.79075,                0.87417,                0.58004,                 1.2108,                0.88266,                 1.4054,               0.001519,               0.001519,               0.001519
                    260,                 1.0602,                 0.9396,                 1.2924,                0.85212,                0.79404,                0.87396,                0.57993,                 1.2108,                0.88231,                 1.4055,               0.001486,               0.001486,               0.001486
                    261,                 1.0553,                0.93329,                 1.2801,                0.85538,                0.79309,                0.87407,                0.57984,                 1.2107,                0.88165,                 1.4055,               0.001453,               0.001453,               0.001453
                    262,                 1.0554,                0.93543,                 1.2895,                0.85554,                0.79555,                0.87405,                0.58057,                 1.2104,                0.87991,                 1.4052,                0.00142,                0.00142,                0.00142
                    263,                 1.0622,                0.92414,                 1.2873,                0.85588,                0.79644,                0.87462,                0.58104,                 1.2101,                0.87956,                 1.4051,               0.001387,               0.001387,               0.001387
                    264,                 1.0579,                 0.9344,                 1.2878,                0.85813,                0.79654,                0.87483,                0.58107,                 1.2098,                0.87915,                  1.405,               0.001354,               0.001354,               0.001354
                    265,                 1.0406,                0.91387,                 1.2764,                 0.8571,                0.79597,                0.87485,                  0.581,                 1.2094,                0.87843,                 1.4049,               0.001321,               0.001321,               0.001321
                    266,                 1.0468,                 0.9228,                 1.2776,                0.85585,                0.79438,                0.87458,                0.58044,                 1.2095,                0.87841,                 1.4044,               0.001288,               0.001288,               0.001288
                    267,                 1.0456,                0.91967,                 1.2778,                0.85369,                0.80014,                0.87467,                0.58004,                 1.2102,                0.87744,                 1.4051,               0.001255,               0.001255,               0.001255
                    268,                 1.0583,                 0.9393,                 1.2863,                0.85195,                0.80371,                0.87495,                0.58127,                 1.2096,                0.87817,                 1.4053,               0.001222,               0.001222,               0.001222
                    269,                 1.0406,                0.92652,                 1.2781,                0.85142,                0.80618,                0.87489,                0.58153,                 1.2095,                0.87725,                  1.405,               0.001189,               0.001189,               0.001189
                    270,                 1.0432,                0.92525,                 1.2778,                0.84896,                0.80636,                0.87464,                0.58123,                 1.2098,                0.87602,                 1.4051,               0.001156,               0.001156,               0.001156
                    271,                 1.0294,                0.91259,                 1.2763,                0.84891,                0.80694,                0.87378,                0.58103,                 1.2094,                0.87614,                 1.4048,               0.001123,               0.001123,               0.001123
                    272,                 1.0313,                0.91038,                 1.2701,                0.84963,                 0.8065,                0.87408,                0.58111,                 1.2097,                0.87572,                 1.4049,                0.00109,                0.00109,                0.00109
                    273,                 1.0298,                0.91119,                 1.2676,                0.84901,                0.80618,                0.87432,                0.58113,                 1.2094,                 0.8755,                 1.4045,               0.001057,               0.001057,               0.001057
                    274,                 1.0519,                0.92632,                 1.2845,                0.85049,                0.79993,                0.87247,                0.58106,                 1.2095,                0.87541,                 1.4047,               0.001024,               0.001024,               0.001024
                    275,                 1.0313,                0.90589,                 1.2674,                0.84985,                0.80148,                0.87252,                0.58102,                 1.2096,                0.87493,                 1.4046,               0.000991,               0.000991,               0.000991
                    276,                 1.0266,                0.89947,                  1.269,                0.84535,                0.80475,                0.87253,                0.58038,                 1.2097,                0.87423,                 1.4048,               0.000958,               0.000958,               0.000958
                    277,                  1.022,                0.90058,                 1.2622,                0.84094,                0.80669,                0.87216,                0.58044,                 1.2094,                0.87428,                 1.4051,               0.000925,               0.000925,               0.000925
                    278,                 1.0323,                0.91475,                  1.271,                0.84158,                0.80663,                 0.8727,                 0.5801,                 1.2093,                0.87194,                  1.405,               0.000892,               0.000892,               0.000892
                    279,                 1.0286,                0.90075,                 1.2703,                0.84605,                0.80554,                0.87223,                0.58016,                 1.2091,                0.87099,                 1.4048,               0.000859,               0.000859,               0.000859
                    280,                 1.0165,                0.89223,                 1.2573,                0.84927,                0.80481,                 0.8726,                0.58027,                  1.209,                0.87074,                 1.4048,               0.000826,               0.000826,               0.000826
                    281,                 1.0263,                0.89733,                 1.2646,                0.85049,                0.80301,                 0.8729,                0.57992,                 1.2089,                0.87099,                 1.4049,               0.000793,               0.000793,               0.000793
                    282,                  1.029,                0.90633,                 1.2728,                0.85533,                0.80104,                0.87301,                0.58037,                 1.2088,                0.87095,                 1.4055,                0.00076,                0.00076,                0.00076
                    283,                 1.0253,                 0.9002,                 1.2659,                0.85575,                0.80139,                0.87296,                0.58006,                 1.2091,                0.86964,                 1.4056,               0.000727,               0.000727,               0.000727
                    284,                  1.026,                  0.902,                 1.2648,                0.85666,                0.80217,                0.87295,                0.58085,                 1.2091,                0.86941,                 1.4058,               0.000694,               0.000694,               0.000694
                    285,                 1.0226,                0.90683,                 1.2655,                  0.858,                0.80345,                0.87395,                0.58039,                 1.2088,                0.86956,                 1.4056,               0.000661,               0.000661,               0.000661
                    286,                 1.0153,                0.88977,                 1.2617,                0.85799,                0.80423,                 0.8738,                0.58076,                 1.2089,                0.86958,                 1.4059,               0.000628,               0.000628,               0.000628
                    287,                 1.0258,                0.89973,                 1.2659,                0.85737,                0.80419,                0.87382,                0.58059,                 1.2091,                0.86917,                 1.4063,               0.000595,               0.000595,               0.000595
                    288,                 1.0112,                0.88859,                 1.2554,                0.85604,                0.80384,                0.87397,                0.58077,                 1.2097,                  0.869,                 1.4065,               0.000562,               0.000562,               0.000562
                    289,                 1.0126,                0.88896,                 1.2599,                0.85563,                0.80363,                 0.8739,                 0.5813,                 1.2104,                0.86679,                 1.4069,               0.000529,               0.000529,               0.000529
                    290,                 1.0181,                0.88744,                 1.2642,                0.85555,                0.80374,                0.87391,                0.58066,                 1.2105,                0.86685,                 1.4072,               0.000496,               0.000496,               0.000496
                    291,                 0.9764,                0.73761,                 1.2454,                0.84897,                0.80695,                0.87391,                0.58087,                 1.2101,                0.86582,                 1.4073,               0.000463,               0.000463,               0.000463
                    292,                0.95158,                0.70545,                 1.2245,                 0.8478,                 0.8076,                0.87366,                0.58199,                 1.2099,                 0.8658,                 1.4077,                0.00043,                0.00043,                0.00043
                    293,                0.94972,                0.69046,                 1.2251,                0.84819,                0.80679,                0.87371,                0.58141,                 1.2094,                0.86532,                 1.4076,               0.000397,               0.000397,               0.000397
                    294,                0.94648,                0.69431,                 1.2177,                0.84846,                0.80605,                0.87369,                0.58133,                 1.2099,                0.86526,                 1.4081,               0.000364,               0.000364,               0.000364
                    295,                0.94759,                0.68901,                 1.2242,                0.84793,                0.80915,                0.87319,                 0.5818,                 1.2095,                0.86427,                 1.4081,               0.000331,               0.000331,               0.000331
                    296,                0.93242,                0.67234,                 1.2101,                0.84819,                0.81032,                0.87317,                0.58163,                  1.209,                0.86486,                 1.4079,               0.000298,               0.000298,               0.000298
                    297,                0.93303,                0.67698,                 1.2144,                0.84797,                 0.8103,                0.87351,                0.58112,                 1.2091,                0.86365,                 1.4081,               0.000265,               0.000265,               0.000265
                    298,                0.92777,                0.66399,                  1.214,                0.84852,                0.81006,                0.87377,                0.58088,                 1.2091,                0.86429,                 1.4084,               0.000232,               0.000232,               0.000232
                    299,                0.92025,                0.66667,                 1.2027,                0.85641,                0.80334,                0.87398,                0.58144,                 1.2097,                0.86469,                 1.4091,               0.000199,               0.000199,               0.000199
                    300,                0.92014,                0.66463,                 1.2057,                0.85795,                0.80208,                0.87386,                0.58136,                 1.2097,                0.86441,                 1.4093,               0.000166,               0.000166,               0.000166
